[0.922s] DEBUG:colcon:Command line arguments: ['/usr/bin/colcon', 'build']
[0.923s] DEBUG:colcon:Parsed command line arguments: Namespace(log_base=None, log_level=None, verb_name='build', build_base='build', install_base='install', merge_install=False, symlink_install=False, test_result_base=None, continue_on_error=False, executor='parallel', parallel_workers=4, event_handlers=None, ignore_user_meta=False, metas=['./colcon.meta'], base_paths=['.'], packages_ignore=None, packages_ignore_regex=None, paths=None, packages_up_to=None, packages_up_to_regex=None, packages_above=None, packages_above_and_dependencies=None, packages_above_depth=None, packages_select_by_dep=None, packages_skip_by_dep=None, packages_skip_up_to=None, packages_select_build_failed=False, packages_skip_build_finished=False, packages_select_test_failures=False, packages_skip_test_passed=False, packages_select=None, packages_skip=None, packages_select_regex=None, packages_skip_regex=None, packages_start=None, packages_end=None, allow_overriding=[], cmake_args=None, cmake_target=None, cmake_target_skip_unavailable=False, cmake_clean_cache=False, cmake_clean_first=False, cmake_force_configure=False, ament_cmake_args=None, catkin_cmake_args=None, catkin_skip_building_tests=False, verb_parser=<colcon_defaults.argument_parser.defaults.DefaultArgumentsDecorator object at 0xffff9ecee200>, verb_extension=<colcon_core.verb.build.BuildVerb object at 0xffff9eca4a30>, main=<bound method BuildVerb.main of <colcon_core.verb.build.BuildVerb object at 0xffff9eca4a30>>)
[2.254s] Level 1:colcon.colcon_core.package_discovery:discover_packages(colcon_meta) check parameters
[2.255s] Level 1:colcon.colcon_core.package_discovery:discover_packages(recursive) check parameters
[2.255s] Level 1:colcon.colcon_core.package_discovery:discover_packages(ignore) check parameters
[2.255s] Level 1:colcon.colcon_core.package_discovery:discover_packages(path) check parameters
[2.255s] Level 1:colcon.colcon_core.package_discovery:discover_packages(colcon_meta) discover
[2.256s] Level 1:colcon.colcon_core.package_discovery:discover_packages(recursive) discover
[2.256s] INFO:colcon.colcon_core.package_discovery:Crawling recursively for packages in '/home/ubuntu/ros2_ws'
[2.256s] Level 1:colcon.colcon_core.package_identification:_identify(.) by extensions ['ignore', 'ignore_ament_install']
[2.257s] Level 1:colcon.colcon_core.package_identification:_identify(.) by extension 'ignore'
[2.257s] Level 1:colcon.colcon_core.package_identification:_identify(.) by extension 'ignore_ament_install'
[2.257s] Level 1:colcon.colcon_core.package_identification:_identify(.) by extensions ['colcon_pkg']
[2.257s] Level 1:colcon.colcon_core.package_identification:_identify(.) by extension 'colcon_pkg'
[2.258s] Level 1:colcon.colcon_core.package_identification:_identify(.) by extensions ['colcon_meta']
[2.258s] Level 1:colcon.colcon_core.package_identification:_identify(.) by extension 'colcon_meta'
[2.258s] Level 1:colcon.colcon_core.package_identification:_identify(.) by extensions ['ros']
[2.258s] Level 1:colcon.colcon_core.package_identification:_identify(.) by extension 'ros'
[2.369s] Level 1:colcon.colcon_core.package_identification:_identify(.) by extensions ['cmake', 'python']
[2.370s] Level 1:colcon.colcon_core.package_identification:_identify(.) by extension 'cmake'
[2.370s] Level 1:colcon.colcon_core.package_identification:_identify(.) by extension 'python'
[2.370s] Level 1:colcon.colcon_core.package_identification:_identify(.) by extensions ['python_setup_py']
[2.370s] Level 1:colcon.colcon_core.package_identification:_identify(.) by extension 'python_setup_py'
[2.371s] Level 1:colcon.colcon_core.package_identification:_identify(build) by extensions ['ignore', 'ignore_ament_install']
[2.372s] Level 1:colcon.colcon_core.package_identification:_identify(build) by extension 'ignore'
[2.372s] Level 1:colcon.colcon_core.package_identification:_identify(build) ignored
[2.373s] Level 1:colcon.colcon_core.package_identification:_identify(install) by extensions ['ignore', 'ignore_ament_install']
[2.373s] Level 1:colcon.colcon_core.package_identification:_identify(install) by extension 'ignore'
[2.373s] Level 1:colcon.colcon_core.package_identification:_identify(install) ignored
[2.374s] Level 1:colcon.colcon_core.package_identification:_identify(log) by extensions ['ignore', 'ignore_ament_install']
[2.375s] Level 1:colcon.colcon_core.package_identification:_identify(log) by extension 'ignore'
[2.375s] Level 1:colcon.colcon_core.package_identification:_identify(log) ignored
[2.375s] Level 1:colcon.colcon_core.package_identification:_identify(src) by extensions ['ignore', 'ignore_ament_install']
[2.376s] Level 1:colcon.colcon_core.package_identification:_identify(src) by extension 'ignore'
[2.376s] Level 1:colcon.colcon_core.package_identification:_identify(src) by extension 'ignore_ament_install'
[2.376s] Level 1:colcon.colcon_core.package_identification:_identify(src) by extensions ['colcon_pkg']
[2.376s] Level 1:colcon.colcon_core.package_identification:_identify(src) by extension 'colcon_pkg'
[2.377s] Level 1:colcon.colcon_core.package_identification:_identify(src) by extensions ['colcon_meta']
[2.377s] Level 1:colcon.colcon_core.package_identification:_identify(src) by extension 'colcon_meta'
[2.377s] Level 1:colcon.colcon_core.package_identification:_identify(src) by extensions ['ros']
[2.377s] Level 1:colcon.colcon_core.package_identification:_identify(src) by extension 'ros'
[2.378s] Level 1:colcon.colcon_core.package_identification:_identify(src) by extensions ['cmake', 'python']
[2.378s] Level 1:colcon.colcon_core.package_identification:_identify(src) by extension 'cmake'
[2.378s] Level 1:colcon.colcon_core.package_identification:_identify(src) by extension 'python'
[2.378s] Level 1:colcon.colcon_core.package_identification:_identify(src) by extensions ['python_setup_py']
[2.378s] Level 1:colcon.colcon_core.package_identification:_identify(src) by extension 'python_setup_py'
[2.380s] Level 1:colcon.colcon_core.package_identification:_identify(src/build) by extensions ['ignore', 'ignore_ament_install']
[2.380s] Level 1:colcon.colcon_core.package_identification:_identify(src/build) by extension 'ignore'
[2.381s] Level 1:colcon.colcon_core.package_identification:_identify(src/build) ignored
[2.381s] Level 1:colcon.colcon_core.package_identification:_identify(src/champ) by extensions ['ignore', 'ignore_ament_install']
[2.381s] Level 1:colcon.colcon_core.package_identification:_identify(src/champ) by extension 'ignore'
[2.382s] Level 1:colcon.colcon_core.package_identification:_identify(src/champ) by extension 'ignore_ament_install'
[2.382s] Level 1:colcon.colcon_core.package_identification:_identify(src/champ) by extensions ['colcon_pkg']
[2.382s] Level 1:colcon.colcon_core.package_identification:_identify(src/champ) by extension 'colcon_pkg'
[2.382s] Level 1:colcon.colcon_core.package_identification:_identify(src/champ) by extensions ['colcon_meta']
[2.382s] Level 1:colcon.colcon_core.package_identification:_identify(src/champ) by extension 'colcon_meta'
[2.383s] Level 1:colcon.colcon_core.package_identification:_identify(src/champ) by extensions ['ros']
[2.383s] Level 1:colcon.colcon_core.package_identification:_identify(src/champ) by extension 'ros'
[2.383s] Level 1:colcon.colcon_core.package_identification:_identify(src/champ) by extensions ['cmake', 'python']
[2.384s] Level 1:colcon.colcon_core.package_identification:_identify(src/champ) by extension 'cmake'
[2.384s] Level 1:colcon.colcon_core.package_identification:_identify(src/champ) by extension 'python'
[2.384s] Level 1:colcon.colcon_core.package_identification:_identify(src/champ) by extensions ['python_setup_py']
[2.384s] Level 1:colcon.colcon_core.package_identification:_identify(src/champ) by extension 'python_setup_py'
[2.385s] Level 1:colcon.colcon_core.package_identification:_identify(src/champ/champ) by extensions ['ignore', 'ignore_ament_install']
[2.385s] Level 1:colcon.colcon_core.package_identification:_identify(src/champ/champ) by extension 'ignore'
[2.386s] Level 1:colcon.colcon_core.package_identification:_identify(src/champ/champ) by extension 'ignore_ament_install'
[2.386s] Level 1:colcon.colcon_core.package_identification:_identify(src/champ/champ) by extensions ['colcon_pkg']
[2.386s] Level 1:colcon.colcon_core.package_identification:_identify(src/champ/champ) by extension 'colcon_pkg'
[2.386s] Level 1:colcon.colcon_core.package_identification:_identify(src/champ/champ) by extensions ['colcon_meta']
[2.386s] Level 1:colcon.colcon_core.package_identification:_identify(src/champ/champ) by extension 'colcon_meta'
[2.387s] Level 1:colcon.colcon_core.package_identification:_identify(src/champ/champ) by extensions ['ros']
[2.387s] Level 1:colcon.colcon_core.package_identification:_identify(src/champ/champ) by extension 'ros'
[2.387s] Level 1:colcon.colcon_core.package_identification:_identify(src/champ/champ) by extensions ['cmake', 'python']
[2.387s] Level 1:colcon.colcon_core.package_identification:_identify(src/champ/champ) by extension 'cmake'
[2.388s] Level 1:colcon.colcon_core.package_identification:_identify(src/champ/champ) by extension 'python'
[2.388s] Level 1:colcon.colcon_core.package_identification:_identify(src/champ/champ) by extensions ['python_setup_py']
[2.388s] Level 1:colcon.colcon_core.package_identification:_identify(src/champ/champ) by extension 'python_setup_py'
[2.389s] Level 1:colcon.colcon_core.package_identification:_identify(src/champ/champ/champ) by extensions ['ignore', 'ignore_ament_install']
[2.389s] Level 1:colcon.colcon_core.package_identification:_identify(src/champ/champ/champ) by extension 'ignore'
[2.389s] Level 1:colcon.colcon_core.package_identification:_identify(src/champ/champ/champ) by extension 'ignore_ament_install'
[2.390s] Level 1:colcon.colcon_core.package_identification:_identify(src/champ/champ/champ) by extensions ['colcon_pkg']
[2.390s] Level 1:colcon.colcon_core.package_identification:_identify(src/champ/champ/champ) by extension 'colcon_pkg'
[2.390s] Level 1:colcon.colcon_core.package_identification:_identify(src/champ/champ/champ) by extensions ['colcon_meta']
[2.390s] Level 1:colcon.colcon_core.package_identification:_identify(src/champ/champ/champ) by extension 'colcon_meta'
[2.391s] Level 1:colcon.colcon_core.package_identification:_identify(src/champ/champ/champ) by extensions ['ros']
[2.391s] Level 1:colcon.colcon_core.package_identification:_identify(src/champ/champ/champ) by extension 'ros'
[2.404s] DEBUG:colcon.colcon_core.package_identification:Package 'src/champ/champ/champ' with type 'ros.ament_cmake' and name 'champ'
[2.405s] Level 1:colcon.colcon_core.package_identification:_identify(src/champ/champ/champ_base) by extensions ['ignore', 'ignore_ament_install']
[2.406s] Level 1:colcon.colcon_core.package_identification:_identify(src/champ/champ/champ_base) by extension 'ignore'
[2.406s] Level 1:colcon.colcon_core.package_identification:_identify(src/champ/champ/champ_base) by extension 'ignore_ament_install'
[2.406s] Level 1:colcon.colcon_core.package_identification:_identify(src/champ/champ/champ_base) by extensions ['colcon_pkg']
[2.406s] Level 1:colcon.colcon_core.package_identification:_identify(src/champ/champ/champ_base) by extension 'colcon_pkg'
[2.407s] Level 1:colcon.colcon_core.package_identification:_identify(src/champ/champ/champ_base) by extensions ['colcon_meta']
[2.407s] Level 1:colcon.colcon_core.package_identification:_identify(src/champ/champ/champ_base) by extension 'colcon_meta'
[2.407s] Level 1:colcon.colcon_core.package_identification:_identify(src/champ/champ/champ_base) by extensions ['ros']
[2.407s] Level 1:colcon.colcon_core.package_identification:_identify(src/champ/champ/champ_base) by extension 'ros'
[2.414s] DEBUG:colcon.colcon_core.package_identification:Package 'src/champ/champ/champ_base' with type 'ros.ament_cmake' and name 'champ_base'
[2.415s] Level 1:colcon.colcon_core.package_identification:_identify(src/champ/champ/champ_bringup) by extensions ['ignore', 'ignore_ament_install']
[2.415s] Level 1:colcon.colcon_core.package_identification:_identify(src/champ/champ/champ_bringup) by extension 'ignore'
[2.415s] Level 1:colcon.colcon_core.package_identification:_identify(src/champ/champ/champ_bringup) by extension 'ignore_ament_install'
[2.416s] Level 1:colcon.colcon_core.package_identification:_identify(src/champ/champ/champ_bringup) by extensions ['colcon_pkg']
[2.416s] Level 1:colcon.colcon_core.package_identification:_identify(src/champ/champ/champ_bringup) by extension 'colcon_pkg'
[2.416s] Level 1:colcon.colcon_core.package_identification:_identify(src/champ/champ/champ_bringup) by extensions ['colcon_meta']
[2.416s] Level 1:colcon.colcon_core.package_identification:_identify(src/champ/champ/champ_bringup) by extension 'colcon_meta'
[2.417s] Level 1:colcon.colcon_core.package_identification:_identify(src/champ/champ/champ_bringup) by extensions ['ros']
[2.417s] Level 1:colcon.colcon_core.package_identification:_identify(src/champ/champ/champ_bringup) by extension 'ros'
[2.420s] DEBUG:colcon.colcon_core.package_identification:Package 'src/champ/champ/champ_bringup' with type 'ros.ament_cmake' and name 'champ_bringup'
[2.421s] Level 1:colcon.colcon_core.package_identification:_identify(src/champ/champ/champ_config) by extensions ['ignore', 'ignore_ament_install']
[2.422s] Level 1:colcon.colcon_core.package_identification:_identify(src/champ/champ/champ_config) by extension 'ignore'
[2.422s] Level 1:colcon.colcon_core.package_identification:_identify(src/champ/champ/champ_config) by extension 'ignore_ament_install'
[2.422s] Level 1:colcon.colcon_core.package_identification:_identify(src/champ/champ/champ_config) by extensions ['colcon_pkg']
[2.422s] Level 1:colcon.colcon_core.package_identification:_identify(src/champ/champ/champ_config) by extension 'colcon_pkg'
[2.423s] Level 1:colcon.colcon_core.package_identification:_identify(src/champ/champ/champ_config) by extensions ['colcon_meta']
[2.423s] Level 1:colcon.colcon_core.package_identification:_identify(src/champ/champ/champ_config) by extension 'colcon_meta'
[2.423s] Level 1:colcon.colcon_core.package_identification:_identify(src/champ/champ/champ_config) by extensions ['ros']
[2.423s] Level 1:colcon.colcon_core.package_identification:_identify(src/champ/champ/champ_config) by extension 'ros'
[2.426s] DEBUG:colcon.colcon_core.package_identification:Package 'src/champ/champ/champ_config' with type 'ros.ament_cmake' and name 'champ_config'
[2.427s] Level 1:colcon.colcon_core.package_identification:_identify(src/champ/champ/champ_description) by extensions ['ignore', 'ignore_ament_install']
[2.427s] Level 1:colcon.colcon_core.package_identification:_identify(src/champ/champ/champ_description) by extension 'ignore'
[2.428s] Level 1:colcon.colcon_core.package_identification:_identify(src/champ/champ/champ_description) by extension 'ignore_ament_install'
[2.428s] Level 1:colcon.colcon_core.package_identification:_identify(src/champ/champ/champ_description) by extensions ['colcon_pkg']
[2.428s] Level 1:colcon.colcon_core.package_identification:_identify(src/champ/champ/champ_description) by extension 'colcon_pkg'
[2.428s] Level 1:colcon.colcon_core.package_identification:_identify(src/champ/champ/champ_description) by extensions ['colcon_meta']
[2.428s] Level 1:colcon.colcon_core.package_identification:_identify(src/champ/champ/champ_description) by extension 'colcon_meta'
[2.429s] Level 1:colcon.colcon_core.package_identification:_identify(src/champ/champ/champ_description) by extensions ['ros']
[2.429s] Level 1:colcon.colcon_core.package_identification:_identify(src/champ/champ/champ_description) by extension 'ros'
[2.432s] DEBUG:colcon.colcon_core.package_identification:Package 'src/champ/champ/champ_description' with type 'ros.ament_cmake' and name 'champ_description'
[2.433s] Level 1:colcon.colcon_core.package_identification:_identify(src/champ/champ/champ_gazebo) by extensions ['ignore', 'ignore_ament_install']
[2.433s] Level 1:colcon.colcon_core.package_identification:_identify(src/champ/champ/champ_gazebo) by extension 'ignore'
[2.434s] Level 1:colcon.colcon_core.package_identification:_identify(src/champ/champ/champ_gazebo) by extension 'ignore_ament_install'
[2.434s] Level 1:colcon.colcon_core.package_identification:_identify(src/champ/champ/champ_gazebo) by extensions ['colcon_pkg']
[2.434s] Level 1:colcon.colcon_core.package_identification:_identify(src/champ/champ/champ_gazebo) by extension 'colcon_pkg'
[2.434s] Level 1:colcon.colcon_core.package_identification:_identify(src/champ/champ/champ_gazebo) by extensions ['colcon_meta']
[2.434s] Level 1:colcon.colcon_core.package_identification:_identify(src/champ/champ/champ_gazebo) by extension 'colcon_meta'
[2.435s] Level 1:colcon.colcon_core.package_identification:_identify(src/champ/champ/champ_gazebo) by extensions ['ros']
[2.435s] Level 1:colcon.colcon_core.package_identification:_identify(src/champ/champ/champ_gazebo) by extension 'ros'
[2.435s] Level 1:colcon.colcon_core.package_identification:_identify(src/champ/champ/champ_gazebo) ignored
[2.436s] Level 1:colcon.colcon_core.package_identification:_identify(src/champ/champ/champ_msgs) by extensions ['ignore', 'ignore_ament_install']
[2.436s] Level 1:colcon.colcon_core.package_identification:_identify(src/champ/champ/champ_msgs) by extension 'ignore'
[2.437s] Level 1:colcon.colcon_core.package_identification:_identify(src/champ/champ/champ_msgs) by extension 'ignore_ament_install'
[2.437s] Level 1:colcon.colcon_core.package_identification:_identify(src/champ/champ/champ_msgs) by extensions ['colcon_pkg']
[2.437s] Level 1:colcon.colcon_core.package_identification:_identify(src/champ/champ/champ_msgs) by extension 'colcon_pkg'
[2.437s] Level 1:colcon.colcon_core.package_identification:_identify(src/champ/champ/champ_msgs) by extensions ['colcon_meta']
[2.437s] Level 1:colcon.colcon_core.package_identification:_identify(src/champ/champ/champ_msgs) by extension 'colcon_meta'
[2.438s] Level 1:colcon.colcon_core.package_identification:_identify(src/champ/champ/champ_msgs) by extensions ['ros']
[2.438s] Level 1:colcon.colcon_core.package_identification:_identify(src/champ/champ/champ_msgs) by extension 'ros'
[2.442s] DEBUG:colcon.colcon_core.package_identification:Package 'src/champ/champ/champ_msgs' with type 'ros.ament_cmake' and name 'champ_msgs'
[2.442s] Level 1:colcon.colcon_core.package_identification:_identify(src/champ/champ/champ_navigation) by extensions ['ignore', 'ignore_ament_install']
[2.443s] Level 1:colcon.colcon_core.package_identification:_identify(src/champ/champ/champ_navigation) by extension 'ignore'
[2.443s] Level 1:colcon.colcon_core.package_identification:_identify(src/champ/champ/champ_navigation) by extension 'ignore_ament_install'
[2.443s] Level 1:colcon.colcon_core.package_identification:_identify(src/champ/champ/champ_navigation) by extensions ['colcon_pkg']
[2.444s] Level 1:colcon.colcon_core.package_identification:_identify(src/champ/champ/champ_navigation) by extension 'colcon_pkg'
[2.444s] Level 1:colcon.colcon_core.package_identification:_identify(src/champ/champ/champ_navigation) by extensions ['colcon_meta']
[2.444s] Level 1:colcon.colcon_core.package_identification:_identify(src/champ/champ/champ_navigation) by extension 'colcon_meta'
[2.444s] Level 1:colcon.colcon_core.package_identification:_identify(src/champ/champ/champ_navigation) by extensions ['ros']
[2.444s] Level 1:colcon.colcon_core.package_identification:_identify(src/champ/champ/champ_navigation) by extension 'ros'
[2.445s] Level 1:colcon.colcon_core.package_identification:_identify(src/champ/champ/champ_navigation) ignored
[2.445s] Level 1:colcon.colcon_core.package_identification:_identify(src/champ/champ/docs) by extensions ['ignore', 'ignore_ament_install']
[2.446s] Level 1:colcon.colcon_core.package_identification:_identify(src/champ/champ/docs) by extension 'ignore'
[2.446s] Level 1:colcon.colcon_core.package_identification:_identify(src/champ/champ/docs) by extension 'ignore_ament_install'
[2.446s] Level 1:colcon.colcon_core.package_identification:_identify(src/champ/champ/docs) by extensions ['colcon_pkg']
[2.446s] Level 1:colcon.colcon_core.package_identification:_identify(src/champ/champ/docs) by extension 'colcon_pkg'
[2.447s] Level 1:colcon.colcon_core.package_identification:_identify(src/champ/champ/docs) by extensions ['colcon_meta']
[2.447s] Level 1:colcon.colcon_core.package_identification:_identify(src/champ/champ/docs) by extension 'colcon_meta'
[2.447s] Level 1:colcon.colcon_core.package_identification:_identify(src/champ/champ/docs) by extensions ['ros']
[2.447s] Level 1:colcon.colcon_core.package_identification:_identify(src/champ/champ/docs) by extension 'ros'
[2.448s] Level 1:colcon.colcon_core.package_identification:_identify(src/champ/champ/docs) by extensions ['cmake', 'python']
[2.448s] Level 1:colcon.colcon_core.package_identification:_identify(src/champ/champ/docs) by extension 'cmake'
[2.448s] Level 1:colcon.colcon_core.package_identification:_identify(src/champ/champ/docs) by extension 'python'
[2.448s] Level 1:colcon.colcon_core.package_identification:_identify(src/champ/champ/docs) by extensions ['python_setup_py']
[2.449s] Level 1:colcon.colcon_core.package_identification:_identify(src/champ/champ/docs) by extension 'python_setup_py'
[2.449s] Level 1:colcon.colcon_core.package_identification:_identify(src/champ/champ/docs/images) by extensions ['ignore', 'ignore_ament_install']
[2.450s] Level 1:colcon.colcon_core.package_identification:_identify(src/champ/champ/docs/images) by extension 'ignore'
[2.450s] Level 1:colcon.colcon_core.package_identification:_identify(src/champ/champ/docs/images) by extension 'ignore_ament_install'
[2.450s] Level 1:colcon.colcon_core.package_identification:_identify(src/champ/champ/docs/images) by extensions ['colcon_pkg']
[2.450s] Level 1:colcon.colcon_core.package_identification:_identify(src/champ/champ/docs/images) by extension 'colcon_pkg'
[2.451s] Level 1:colcon.colcon_core.package_identification:_identify(src/champ/champ/docs/images) by extensions ['colcon_meta']
[2.451s] Level 1:colcon.colcon_core.package_identification:_identify(src/champ/champ/docs/images) by extension 'colcon_meta'
[2.451s] Level 1:colcon.colcon_core.package_identification:_identify(src/champ/champ/docs/images) by extensions ['ros']
[2.451s] Level 1:colcon.colcon_core.package_identification:_identify(src/champ/champ/docs/images) by extension 'ros'
[2.452s] Level 1:colcon.colcon_core.package_identification:_identify(src/champ/champ/docs/images) by extensions ['cmake', 'python']
[2.452s] Level 1:colcon.colcon_core.package_identification:_identify(src/champ/champ/docs/images) by extension 'cmake'
[2.452s] Level 1:colcon.colcon_core.package_identification:_identify(src/champ/champ/docs/images) by extension 'python'
[2.452s] Level 1:colcon.colcon_core.package_identification:_identify(src/champ/champ/docs/images) by extensions ['python_setup_py']
[2.453s] Level 1:colcon.colcon_core.package_identification:_identify(src/champ/champ/docs/images) by extension 'python_setup_py'
[2.453s] Level 1:colcon.colcon_core.package_identification:_identify(src/champ/champ_teleop) by extensions ['ignore', 'ignore_ament_install']
[2.454s] Level 1:colcon.colcon_core.package_identification:_identify(src/champ/champ_teleop) by extension 'ignore'
[2.454s] Level 1:colcon.colcon_core.package_identification:_identify(src/champ/champ_teleop) by extension 'ignore_ament_install'
[2.454s] Level 1:colcon.colcon_core.package_identification:_identify(src/champ/champ_teleop) by extensions ['colcon_pkg']
[2.454s] Level 1:colcon.colcon_core.package_identification:_identify(src/champ/champ_teleop) by extension 'colcon_pkg'
[2.455s] Level 1:colcon.colcon_core.package_identification:_identify(src/champ/champ_teleop) by extensions ['colcon_meta']
[2.455s] Level 1:colcon.colcon_core.package_identification:_identify(src/champ/champ_teleop) by extension 'colcon_meta'
[2.455s] Level 1:colcon.colcon_core.package_identification:_identify(src/champ/champ_teleop) by extensions ['ros']
[2.455s] Level 1:colcon.colcon_core.package_identification:_identify(src/champ/champ_teleop) by extension 'ros'
[2.459s] DEBUG:colcon.colcon_core.package_identification:Package 'src/champ/champ_teleop' with type 'ros.ament_cmake' and name 'champ_teleop'
[2.460s] Level 1:colcon.colcon_core.package_identification:_identify(src/go_pupper_srv) by extensions ['ignore', 'ignore_ament_install']
[2.460s] Level 1:colcon.colcon_core.package_identification:_identify(src/go_pupper_srv) by extension 'ignore'
[2.461s] Level 1:colcon.colcon_core.package_identification:_identify(src/go_pupper_srv) by extension 'ignore_ament_install'
[2.461s] Level 1:colcon.colcon_core.package_identification:_identify(src/go_pupper_srv) by extensions ['colcon_pkg']
[2.461s] Level 1:colcon.colcon_core.package_identification:_identify(src/go_pupper_srv) by extension 'colcon_pkg'
[2.461s] Level 1:colcon.colcon_core.package_identification:_identify(src/go_pupper_srv) by extensions ['colcon_meta']
[2.461s] Level 1:colcon.colcon_core.package_identification:_identify(src/go_pupper_srv) by extension 'colcon_meta'
[2.462s] Level 1:colcon.colcon_core.package_identification:_identify(src/go_pupper_srv) by extensions ['ros']
[2.462s] Level 1:colcon.colcon_core.package_identification:_identify(src/go_pupper_srv) by extension 'ros'
[2.464s] DEBUG:colcon.colcon_core.package_identification:Package 'src/go_pupper_srv' with type 'ros.ament_python' and name 'go_pupper_srv'
[2.466s] Level 1:colcon.colcon_core.package_identification:_identify(src/install) by extensions ['ignore', 'ignore_ament_install']
[2.466s] Level 1:colcon.colcon_core.package_identification:_identify(src/install) by extension 'ignore'
[2.466s] Level 1:colcon.colcon_core.package_identification:_identify(src/install) ignored
[2.467s] Level 1:colcon.colcon_core.package_identification:_identify(src/lab2task4) by extensions ['ignore', 'ignore_ament_install']
[2.467s] Level 1:colcon.colcon_core.package_identification:_identify(src/lab2task4) by extension 'ignore'
[2.468s] Level 1:colcon.colcon_core.package_identification:_identify(src/lab2task4) by extension 'ignore_ament_install'
[2.468s] Level 1:colcon.colcon_core.package_identification:_identify(src/lab2task4) by extensions ['colcon_pkg']
[2.468s] Level 1:colcon.colcon_core.package_identification:_identify(src/lab2task4) by extension 'colcon_pkg'
[2.468s] Level 1:colcon.colcon_core.package_identification:_identify(src/lab2task4) by extensions ['colcon_meta']
[2.469s] Level 1:colcon.colcon_core.package_identification:_identify(src/lab2task4) by extension 'colcon_meta'
[2.469s] Level 1:colcon.colcon_core.package_identification:_identify(src/lab2task4) by extensions ['ros']
[2.469s] Level 1:colcon.colcon_core.package_identification:_identify(src/lab2task4) by extension 'ros'
[2.473s] DEBUG:colcon.colcon_core.package_identification:Package 'src/lab2task4' with type 'ros.ament_python' and name 'lab2task4'
[2.473s] Level 1:colcon.colcon_core.package_identification:_identify(src/ldlidar_stl_ros) by extensions ['ignore', 'ignore_ament_install']
[2.474s] Level 1:colcon.colcon_core.package_identification:_identify(src/ldlidar_stl_ros) by extension 'ignore'
[2.474s] Level 1:colcon.colcon_core.package_identification:_identify(src/ldlidar_stl_ros) by extension 'ignore_ament_install'
[2.474s] Level 1:colcon.colcon_core.package_identification:_identify(src/ldlidar_stl_ros) by extensions ['colcon_pkg']
[2.475s] Level 1:colcon.colcon_core.package_identification:_identify(src/ldlidar_stl_ros) by extension 'colcon_pkg'
[2.475s] Level 1:colcon.colcon_core.package_identification:_identify(src/ldlidar_stl_ros) by extensions ['colcon_meta']
[2.475s] Level 1:colcon.colcon_core.package_identification:_identify(src/ldlidar_stl_ros) by extension 'colcon_meta'
[2.475s] Level 1:colcon.colcon_core.package_identification:_identify(src/ldlidar_stl_ros) by extensions ['ros']
[2.475s] Level 1:colcon.colcon_core.package_identification:_identify(src/ldlidar_stl_ros) by extension 'ros'
[2.479s] DEBUG:colcon.colcon_core.package_identification:Package 'src/ldlidar_stl_ros' with type 'ros.ament_cmake' and name 'ldlidar_stl_ros2'
[2.480s] Level 1:colcon.colcon_core.package_identification:_identify(src/log) by extensions ['ignore', 'ignore_ament_install']
[2.481s] Level 1:colcon.colcon_core.package_identification:_identify(src/log) by extension 'ignore'
[2.481s] Level 1:colcon.colcon_core.package_identification:_identify(src/log) ignored
[2.482s] Level 1:colcon.colcon_core.package_identification:_identify(src/mini_pupper_ros) by extensions ['ignore', 'ignore_ament_install']
[2.482s] Level 1:colcon.colcon_core.package_identification:_identify(src/mini_pupper_ros) by extension 'ignore'
[2.482s] Level 1:colcon.colcon_core.package_identification:_identify(src/mini_pupper_ros) by extension 'ignore_ament_install'
[2.483s] Level 1:colcon.colcon_core.package_identification:_identify(src/mini_pupper_ros) by extensions ['colcon_pkg']
[2.483s] Level 1:colcon.colcon_core.package_identification:_identify(src/mini_pupper_ros) by extension 'colcon_pkg'
[2.483s] Level 1:colcon.colcon_core.package_identification:_identify(src/mini_pupper_ros) by extensions ['colcon_meta']
[2.483s] Level 1:colcon.colcon_core.package_identification:_identify(src/mini_pupper_ros) by extension 'colcon_meta'
[2.483s] Level 1:colcon.colcon_core.package_identification:_identify(src/mini_pupper_ros) by extensions ['ros']
[2.484s] Level 1:colcon.colcon_core.package_identification:_identify(src/mini_pupper_ros) by extension 'ros'
[2.484s] Level 1:colcon.colcon_core.package_identification:_identify(src/mini_pupper_ros) by extensions ['cmake', 'python']
[2.484s] Level 1:colcon.colcon_core.package_identification:_identify(src/mini_pupper_ros) by extension 'cmake'
[2.484s] Level 1:colcon.colcon_core.package_identification:_identify(src/mini_pupper_ros) by extension 'python'
[2.485s] Level 1:colcon.colcon_core.package_identification:_identify(src/mini_pupper_ros) by extensions ['python_setup_py']
[2.485s] Level 1:colcon.colcon_core.package_identification:_identify(src/mini_pupper_ros) by extension 'python_setup_py'
[2.485s] Level 1:colcon.colcon_core.package_identification:_identify(src/mini_pupper_ros/mini_pupper_2_description) by extensions ['ignore', 'ignore_ament_install']
[2.486s] Level 1:colcon.colcon_core.package_identification:_identify(src/mini_pupper_ros/mini_pupper_2_description) by extension 'ignore'
[2.486s] Level 1:colcon.colcon_core.package_identification:_identify(src/mini_pupper_ros/mini_pupper_2_description) by extension 'ignore_ament_install'
[2.486s] Level 1:colcon.colcon_core.package_identification:_identify(src/mini_pupper_ros/mini_pupper_2_description) by extensions ['colcon_pkg']
[2.487s] Level 1:colcon.colcon_core.package_identification:_identify(src/mini_pupper_ros/mini_pupper_2_description) by extension 'colcon_pkg'
[2.487s] Level 1:colcon.colcon_core.package_identification:_identify(src/mini_pupper_ros/mini_pupper_2_description) by extensions ['colcon_meta']
[2.487s] Level 1:colcon.colcon_core.package_identification:_identify(src/mini_pupper_ros/mini_pupper_2_description) by extension 'colcon_meta'
[2.487s] Level 1:colcon.colcon_core.package_identification:_identify(src/mini_pupper_ros/mini_pupper_2_description) by extensions ['ros']
[2.487s] Level 1:colcon.colcon_core.package_identification:_identify(src/mini_pupper_ros/mini_pupper_2_description) by extension 'ros'
[2.490s] DEBUG:colcon.colcon_core.package_identification:Package 'src/mini_pupper_ros/mini_pupper_2_description' with type 'ros.ament_cmake' and name 'mini_pupper_2_description'
[2.491s] Level 1:colcon.colcon_core.package_identification:_identify(src/mini_pupper_ros/mini_pupper_bringup) by extensions ['ignore', 'ignore_ament_install']
[2.492s] Level 1:colcon.colcon_core.package_identification:_identify(src/mini_pupper_ros/mini_pupper_bringup) by extension 'ignore'
[2.492s] Level 1:colcon.colcon_core.package_identification:_identify(src/mini_pupper_ros/mini_pupper_bringup) by extension 'ignore_ament_install'
[2.492s] Level 1:colcon.colcon_core.package_identification:_identify(src/mini_pupper_ros/mini_pupper_bringup) by extensions ['colcon_pkg']
[2.492s] Level 1:colcon.colcon_core.package_identification:_identify(src/mini_pupper_ros/mini_pupper_bringup) by extension 'colcon_pkg'
[2.493s] Level 1:colcon.colcon_core.package_identification:_identify(src/mini_pupper_ros/mini_pupper_bringup) by extensions ['colcon_meta']
[2.493s] Level 1:colcon.colcon_core.package_identification:_identify(src/mini_pupper_ros/mini_pupper_bringup) by extension 'colcon_meta'
[2.493s] Level 1:colcon.colcon_core.package_identification:_identify(src/mini_pupper_ros/mini_pupper_bringup) by extensions ['ros']
[2.493s] Level 1:colcon.colcon_core.package_identification:_identify(src/mini_pupper_ros/mini_pupper_bringup) by extension 'ros'
[2.496s] DEBUG:colcon.colcon_core.package_identification:Package 'src/mini_pupper_ros/mini_pupper_bringup' with type 'ros.ament_cmake' and name 'mini_pupper_bringup'
[2.497s] Level 1:colcon.colcon_core.package_identification:_identify(src/mini_pupper_ros/mini_pupper_dance) by extensions ['ignore', 'ignore_ament_install']
[2.498s] Level 1:colcon.colcon_core.package_identification:_identify(src/mini_pupper_ros/mini_pupper_dance) by extension 'ignore'
[2.498s] Level 1:colcon.colcon_core.package_identification:_identify(src/mini_pupper_ros/mini_pupper_dance) by extension 'ignore_ament_install'
[2.498s] Level 1:colcon.colcon_core.package_identification:_identify(src/mini_pupper_ros/mini_pupper_dance) by extensions ['colcon_pkg']
[2.498s] Level 1:colcon.colcon_core.package_identification:_identify(src/mini_pupper_ros/mini_pupper_dance) by extension 'colcon_pkg'
[2.499s] Level 1:colcon.colcon_core.package_identification:_identify(src/mini_pupper_ros/mini_pupper_dance) by extensions ['colcon_meta']
[2.499s] Level 1:colcon.colcon_core.package_identification:_identify(src/mini_pupper_ros/mini_pupper_dance) by extension 'colcon_meta'
[2.499s] Level 1:colcon.colcon_core.package_identification:_identify(src/mini_pupper_ros/mini_pupper_dance) by extensions ['ros']
[2.499s] Level 1:colcon.colcon_core.package_identification:_identify(src/mini_pupper_ros/mini_pupper_dance) by extension 'ros'
[2.502s] DEBUG:colcon.colcon_core.package_identification:Package 'src/mini_pupper_ros/mini_pupper_dance' with type 'ros.ament_python' and name 'mini_pupper_dance'
[2.503s] Level 1:colcon.colcon_core.package_identification:_identify(src/mini_pupper_ros/mini_pupper_description) by extensions ['ignore', 'ignore_ament_install']
[2.503s] Level 1:colcon.colcon_core.package_identification:_identify(src/mini_pupper_ros/mini_pupper_description) by extension 'ignore'
[2.504s] Level 1:colcon.colcon_core.package_identification:_identify(src/mini_pupper_ros/mini_pupper_description) by extension 'ignore_ament_install'
[2.504s] Level 1:colcon.colcon_core.package_identification:_identify(src/mini_pupper_ros/mini_pupper_description) by extensions ['colcon_pkg']
[2.504s] Level 1:colcon.colcon_core.package_identification:_identify(src/mini_pupper_ros/mini_pupper_description) by extension 'colcon_pkg'
[2.504s] Level 1:colcon.colcon_core.package_identification:_identify(src/mini_pupper_ros/mini_pupper_description) by extensions ['colcon_meta']
[2.505s] Level 1:colcon.colcon_core.package_identification:_identify(src/mini_pupper_ros/mini_pupper_description) by extension 'colcon_meta'
[2.505s] Level 1:colcon.colcon_core.package_identification:_identify(src/mini_pupper_ros/mini_pupper_description) by extensions ['ros']
[2.505s] Level 1:colcon.colcon_core.package_identification:_identify(src/mini_pupper_ros/mini_pupper_description) by extension 'ros'
[2.508s] DEBUG:colcon.colcon_core.package_identification:Package 'src/mini_pupper_ros/mini_pupper_description' with type 'ros.ament_cmake' and name 'mini_pupper_description'
[2.509s] Level 1:colcon.colcon_core.package_identification:_identify(src/mini_pupper_ros/mini_pupper_driver) by extensions ['ignore', 'ignore_ament_install']
[2.509s] Level 1:colcon.colcon_core.package_identification:_identify(src/mini_pupper_ros/mini_pupper_driver) by extension 'ignore'
[2.510s] Level 1:colcon.colcon_core.package_identification:_identify(src/mini_pupper_ros/mini_pupper_driver) by extension 'ignore_ament_install'
[2.510s] Level 1:colcon.colcon_core.package_identification:_identify(src/mini_pupper_ros/mini_pupper_driver) by extensions ['colcon_pkg']
[2.510s] Level 1:colcon.colcon_core.package_identification:_identify(src/mini_pupper_ros/mini_pupper_driver) by extension 'colcon_pkg'
[2.510s] Level 1:colcon.colcon_core.package_identification:_identify(src/mini_pupper_ros/mini_pupper_driver) by extensions ['colcon_meta']
[2.511s] Level 1:colcon.colcon_core.package_identification:_identify(src/mini_pupper_ros/mini_pupper_driver) by extension 'colcon_meta'
[2.511s] Level 1:colcon.colcon_core.package_identification:_identify(src/mini_pupper_ros/mini_pupper_driver) by extensions ['ros']
[2.511s] Level 1:colcon.colcon_core.package_identification:_identify(src/mini_pupper_ros/mini_pupper_driver) by extension 'ros'
[2.515s] DEBUG:colcon.colcon_core.package_identification:Package 'src/mini_pupper_ros/mini_pupper_driver' with type 'ros.ament_python' and name 'mini_pupper_driver'
[2.516s] Level 1:colcon.colcon_core.package_identification:_identify(src/mini_pupper_ros/mini_pupper_gazebo) by extensions ['ignore', 'ignore_ament_install']
[2.517s] Level 1:colcon.colcon_core.package_identification:_identify(src/mini_pupper_ros/mini_pupper_gazebo) by extension 'ignore'
[2.517s] Level 1:colcon.colcon_core.package_identification:_identify(src/mini_pupper_ros/mini_pupper_gazebo) by extension 'ignore_ament_install'
[2.517s] Level 1:colcon.colcon_core.package_identification:_identify(src/mini_pupper_ros/mini_pupper_gazebo) by extensions ['colcon_pkg']
[2.517s] Level 1:colcon.colcon_core.package_identification:_identify(src/mini_pupper_ros/mini_pupper_gazebo) by extension 'colcon_pkg'
[2.518s] Level 1:colcon.colcon_core.package_identification:_identify(src/mini_pupper_ros/mini_pupper_gazebo) by extensions ['colcon_meta']
[2.518s] Level 1:colcon.colcon_core.package_identification:_identify(src/mini_pupper_ros/mini_pupper_gazebo) by extension 'colcon_meta'
[2.518s] Level 1:colcon.colcon_core.package_identification:_identify(src/mini_pupper_ros/mini_pupper_gazebo) by extensions ['ros']
[2.518s] Level 1:colcon.colcon_core.package_identification:_identify(src/mini_pupper_ros/mini_pupper_gazebo) by extension 'ros'
[2.518s] Level 1:colcon.colcon_core.package_identification:_identify(src/mini_pupper_ros/mini_pupper_gazebo) ignored
[2.519s] Level 1:colcon.colcon_core.package_identification:_identify(src/mini_pupper_ros/mini_pupper_interfaces) by extensions ['ignore', 'ignore_ament_install']
[2.519s] Level 1:colcon.colcon_core.package_identification:_identify(src/mini_pupper_ros/mini_pupper_interfaces) by extension 'ignore'
[2.520s] Level 1:colcon.colcon_core.package_identification:_identify(src/mini_pupper_ros/mini_pupper_interfaces) by extension 'ignore_ament_install'
[2.520s] Level 1:colcon.colcon_core.package_identification:_identify(src/mini_pupper_ros/mini_pupper_interfaces) by extensions ['colcon_pkg']
[2.520s] Level 1:colcon.colcon_core.package_identification:_identify(src/mini_pupper_ros/mini_pupper_interfaces) by extension 'colcon_pkg'
[2.520s] Level 1:colcon.colcon_core.package_identification:_identify(src/mini_pupper_ros/mini_pupper_interfaces) by extensions ['colcon_meta']
[2.521s] Level 1:colcon.colcon_core.package_identification:_identify(src/mini_pupper_ros/mini_pupper_interfaces) by extension 'colcon_meta'
[2.521s] Level 1:colcon.colcon_core.package_identification:_identify(src/mini_pupper_ros/mini_pupper_interfaces) by extensions ['ros']
[2.521s] Level 1:colcon.colcon_core.package_identification:_identify(src/mini_pupper_ros/mini_pupper_interfaces) by extension 'ros'
[2.524s] DEBUG:colcon.colcon_core.package_identification:Package 'src/mini_pupper_ros/mini_pupper_interfaces' with type 'ros.ament_cmake' and name 'mini_pupper_interfaces'
[2.525s] Level 1:colcon.colcon_core.package_identification:_identify(src/mini_pupper_ros/mini_pupper_music) by extensions ['ignore', 'ignore_ament_install']
[2.525s] Level 1:colcon.colcon_core.package_identification:_identify(src/mini_pupper_ros/mini_pupper_music) by extension 'ignore'
[2.526s] Level 1:colcon.colcon_core.package_identification:_identify(src/mini_pupper_ros/mini_pupper_music) by extension 'ignore_ament_install'
[2.526s] Level 1:colcon.colcon_core.package_identification:_identify(src/mini_pupper_ros/mini_pupper_music) by extensions ['colcon_pkg']
[2.526s] Level 1:colcon.colcon_core.package_identification:_identify(src/mini_pupper_ros/mini_pupper_music) by extension 'colcon_pkg'
[2.526s] Level 1:colcon.colcon_core.package_identification:_identify(src/mini_pupper_ros/mini_pupper_music) by extensions ['colcon_meta']
[2.527s] Level 1:colcon.colcon_core.package_identification:_identify(src/mini_pupper_ros/mini_pupper_music) by extension 'colcon_meta'
[2.527s] Level 1:colcon.colcon_core.package_identification:_identify(src/mini_pupper_ros/mini_pupper_music) by extensions ['ros']
[2.527s] Level 1:colcon.colcon_core.package_identification:_identify(src/mini_pupper_ros/mini_pupper_music) by extension 'ros'
[2.530s] DEBUG:colcon.colcon_core.package_identification:Package 'src/mini_pupper_ros/mini_pupper_music' with type 'ros.ament_python' and name 'mini_pupper_music'
[2.531s] Level 1:colcon.colcon_core.package_identification:_identify(src/mini_pupper_ros/mini_pupper_navigation) by extensions ['ignore', 'ignore_ament_install']
[2.531s] Level 1:colcon.colcon_core.package_identification:_identify(src/mini_pupper_ros/mini_pupper_navigation) by extension 'ignore'
[2.531s] Level 1:colcon.colcon_core.package_identification:_identify(src/mini_pupper_ros/mini_pupper_navigation) by extension 'ignore_ament_install'
[2.532s] Level 1:colcon.colcon_core.package_identification:_identify(src/mini_pupper_ros/mini_pupper_navigation) by extensions ['colcon_pkg']
[2.532s] Level 1:colcon.colcon_core.package_identification:_identify(src/mini_pupper_ros/mini_pupper_navigation) by extension 'colcon_pkg'
[2.532s] Level 1:colcon.colcon_core.package_identification:_identify(src/mini_pupper_ros/mini_pupper_navigation) by extensions ['colcon_meta']
[2.532s] Level 1:colcon.colcon_core.package_identification:_identify(src/mini_pupper_ros/mini_pupper_navigation) by extension 'colcon_meta'
[2.533s] Level 1:colcon.colcon_core.package_identification:_identify(src/mini_pupper_ros/mini_pupper_navigation) by extensions ['ros']
[2.533s] Level 1:colcon.colcon_core.package_identification:_identify(src/mini_pupper_ros/mini_pupper_navigation) by extension 'ros'
[2.533s] Level 1:colcon.colcon_core.package_identification:_identify(src/mini_pupper_ros/mini_pupper_navigation) ignored
[2.534s] Level 1:colcon.colcon_core.package_identification:_identify(src/pupper_interfaces) by extensions ['ignore', 'ignore_ament_install']
[2.534s] Level 1:colcon.colcon_core.package_identification:_identify(src/pupper_interfaces) by extension 'ignore'
[2.534s] Level 1:colcon.colcon_core.package_identification:_identify(src/pupper_interfaces) by extension 'ignore_ament_install'
[2.535s] Level 1:colcon.colcon_core.package_identification:_identify(src/pupper_interfaces) by extensions ['colcon_pkg']
[2.535s] Level 1:colcon.colcon_core.package_identification:_identify(src/pupper_interfaces) by extension 'colcon_pkg'
[2.535s] Level 1:colcon.colcon_core.package_identification:_identify(src/pupper_interfaces) by extensions ['colcon_meta']
[2.535s] Level 1:colcon.colcon_core.package_identification:_identify(src/pupper_interfaces) by extension 'colcon_meta'
[2.536s] Level 1:colcon.colcon_core.package_identification:_identify(src/pupper_interfaces) by extensions ['ros']
[2.536s] Level 1:colcon.colcon_core.package_identification:_identify(src/pupper_interfaces) by extension 'ros'
[2.539s] DEBUG:colcon.colcon_core.package_identification:Package 'src/pupper_interfaces' with type 'ros.ament_cmake' and name 'pupper_interfaces'
[2.540s] Level 1:colcon.colcon_core.package_discovery:discover_packages(recursive) using defaults
[2.540s] Level 1:colcon.colcon_core.package_discovery:discover_packages(ignore) discover
[2.540s] Level 1:colcon.colcon_core.package_discovery:discover_packages(ignore) using defaults
[2.540s] Level 1:colcon.colcon_core.package_discovery:discover_packages(path) discover
[2.541s] Level 1:colcon.colcon_core.package_discovery:discover_packages(path) using defaults
[2.687s] Level 1:colcon.colcon_core.package_discovery:discover_packages(prefix_path) check parameters
[2.687s] Level 1:colcon.colcon_core.package_discovery:discover_packages(prefix_path) discover
[2.710s] DEBUG:colcon.colcon_installed_package_information.package_discovery:Found 18 installed packages in /home/ubuntu/ros2_ws/install
[2.714s] DEBUG:colcon.colcon_installed_package_information.package_discovery:Found 0 installed packages in /home/ubuntu/ros2_ws/src/lab2task4/lab2task4/install
[2.724s] DEBUG:colcon.colcon_installed_package_information.package_discovery:Found 275 installed packages in /opt/ros/humble
[2.732s] Level 1:colcon.colcon_core.package_discovery:discover_packages(prefix_path) using defaults
[2.981s] Level 5:colcon.colcon_core.verb:set package 'champ' build argument 'cmake_args' from command line to 'None'
[2.982s] Level 5:colcon.colcon_core.verb:set package 'champ' build argument 'cmake_target' from command line to 'None'
[2.982s] Level 5:colcon.colcon_core.verb:set package 'champ' build argument 'cmake_target_skip_unavailable' from command line to 'False'
[2.982s] Level 5:colcon.colcon_core.verb:set package 'champ' build argument 'cmake_clean_cache' from command line to 'False'
[2.982s] Level 5:colcon.colcon_core.verb:set package 'champ' build argument 'cmake_clean_first' from command line to 'False'
[2.982s] Level 5:colcon.colcon_core.verb:set package 'champ' build argument 'cmake_force_configure' from command line to 'False'
[2.982s] Level 5:colcon.colcon_core.verb:set package 'champ' build argument 'ament_cmake_args' from command line to 'None'
[2.982s] Level 5:colcon.colcon_core.verb:set package 'champ' build argument 'catkin_cmake_args' from command line to 'None'
[2.983s] Level 5:colcon.colcon_core.verb:set package 'champ' build argument 'catkin_skip_building_tests' from command line to 'False'
[2.983s] DEBUG:colcon.colcon_core.verb:Building package 'champ' with the following arguments: {'ament_cmake_args': None, 'build_base': '/home/ubuntu/ros2_ws/build/champ', 'catkin_cmake_args': None, 'catkin_skip_building_tests': False, 'cmake_args': None, 'cmake_clean_cache': False, 'cmake_clean_first': False, 'cmake_force_configure': False, 'cmake_target': None, 'cmake_target_skip_unavailable': False, 'install_base': '/home/ubuntu/ros2_ws/install/champ', 'merge_install': False, 'path': '/home/ubuntu/ros2_ws/src/champ/champ/champ', 'symlink_install': False, 'test_result_base': None}
[2.985s] Level 5:colcon.colcon_core.verb:set package 'champ_config' build argument 'cmake_args' from command line to 'None'
[2.985s] Level 5:colcon.colcon_core.verb:set package 'champ_config' build argument 'cmake_target' from command line to 'None'
[2.985s] Level 5:colcon.colcon_core.verb:set package 'champ_config' build argument 'cmake_target_skip_unavailable' from command line to 'False'
[2.985s] Level 5:colcon.colcon_core.verb:set package 'champ_config' build argument 'cmake_clean_cache' from command line to 'False'
[2.985s] Level 5:colcon.colcon_core.verb:set package 'champ_config' build argument 'cmake_clean_first' from command line to 'False'
[2.985s] Level 5:colcon.colcon_core.verb:set package 'champ_config' build argument 'cmake_force_configure' from command line to 'False'
[2.985s] Level 5:colcon.colcon_core.verb:set package 'champ_config' build argument 'ament_cmake_args' from command line to 'None'
[2.986s] Level 5:colcon.colcon_core.verb:set package 'champ_config' build argument 'catkin_cmake_args' from command line to 'None'
[2.986s] Level 5:colcon.colcon_core.verb:set package 'champ_config' build argument 'catkin_skip_building_tests' from command line to 'False'
[2.986s] DEBUG:colcon.colcon_core.verb:Building package 'champ_config' with the following arguments: {'ament_cmake_args': None, 'build_base': '/home/ubuntu/ros2_ws/build/champ_config', 'catkin_cmake_args': None, 'catkin_skip_building_tests': False, 'cmake_args': None, 'cmake_clean_cache': False, 'cmake_clean_first': False, 'cmake_force_configure': False, 'cmake_target': None, 'cmake_target_skip_unavailable': False, 'install_base': '/home/ubuntu/ros2_ws/install/champ_config', 'merge_install': False, 'path': '/home/ubuntu/ros2_ws/src/champ/champ/champ_config', 'symlink_install': False, 'test_result_base': None}
[2.988s] Level 5:colcon.colcon_core.verb:set package 'champ_description' build argument 'cmake_args' from command line to 'None'
[2.988s] Level 5:colcon.colcon_core.verb:set package 'champ_description' build argument 'cmake_target' from command line to 'None'
[2.988s] Level 5:colcon.colcon_core.verb:set package 'champ_description' build argument 'cmake_target_skip_unavailable' from command line to 'False'
[2.988s] Level 5:colcon.colcon_core.verb:set package 'champ_description' build argument 'cmake_clean_cache' from command line to 'False'
[2.988s] Level 5:colcon.colcon_core.verb:set package 'champ_description' build argument 'cmake_clean_first' from command line to 'False'
[2.988s] Level 5:colcon.colcon_core.verb:set package 'champ_description' build argument 'cmake_force_configure' from command line to 'False'
[2.988s] Level 5:colcon.colcon_core.verb:set package 'champ_description' build argument 'ament_cmake_args' from command line to 'None'
[2.989s] Level 5:colcon.colcon_core.verb:set package 'champ_description' build argument 'catkin_cmake_args' from command line to 'None'
[2.989s] Level 5:colcon.colcon_core.verb:set package 'champ_description' build argument 'catkin_skip_building_tests' from command line to 'False'
[2.989s] DEBUG:colcon.colcon_core.verb:Building package 'champ_description' with the following arguments: {'ament_cmake_args': None, 'build_base': '/home/ubuntu/ros2_ws/build/champ_description', 'catkin_cmake_args': None, 'catkin_skip_building_tests': False, 'cmake_args': None, 'cmake_clean_cache': False, 'cmake_clean_first': False, 'cmake_force_configure': False, 'cmake_target': None, 'cmake_target_skip_unavailable': False, 'install_base': '/home/ubuntu/ros2_ws/install/champ_description', 'merge_install': False, 'path': '/home/ubuntu/ros2_ws/src/champ/champ/champ_description', 'symlink_install': False, 'test_result_base': None}
[2.991s] Level 5:colcon.colcon_core.verb:set package 'champ_msgs' build argument 'cmake_args' from command line to 'None'
[2.991s] Level 5:colcon.colcon_core.verb:set package 'champ_msgs' build argument 'cmake_target' from command line to 'None'
[2.991s] Level 5:colcon.colcon_core.verb:set package 'champ_msgs' build argument 'cmake_target_skip_unavailable' from command line to 'False'
[2.991s] Level 5:colcon.colcon_core.verb:set package 'champ_msgs' build argument 'cmake_clean_cache' from command line to 'False'
[2.991s] Level 5:colcon.colcon_core.verb:set package 'champ_msgs' build argument 'cmake_clean_first' from command line to 'False'
[2.991s] Level 5:colcon.colcon_core.verb:set package 'champ_msgs' build argument 'cmake_force_configure' from command line to 'False'
[2.991s] Level 5:colcon.colcon_core.verb:set package 'champ_msgs' build argument 'ament_cmake_args' from command line to 'None'
[2.992s] Level 5:colcon.colcon_core.verb:set package 'champ_msgs' build argument 'catkin_cmake_args' from command line to 'None'
[2.992s] Level 5:colcon.colcon_core.verb:set package 'champ_msgs' build argument 'catkin_skip_building_tests' from command line to 'False'
[2.992s] DEBUG:colcon.colcon_core.verb:Building package 'champ_msgs' with the following arguments: {'ament_cmake_args': None, 'build_base': '/home/ubuntu/ros2_ws/build/champ_msgs', 'catkin_cmake_args': None, 'catkin_skip_building_tests': False, 'cmake_args': None, 'cmake_clean_cache': False, 'cmake_clean_first': False, 'cmake_force_configure': False, 'cmake_target': None, 'cmake_target_skip_unavailable': False, 'install_base': '/home/ubuntu/ros2_ws/install/champ_msgs', 'merge_install': False, 'path': '/home/ubuntu/ros2_ws/src/champ/champ/champ_msgs', 'symlink_install': False, 'test_result_base': None}
[2.993s] Level 5:colcon.colcon_core.verb:set package 'champ_teleop' build argument 'cmake_args' from command line to 'None'
[2.994s] Level 5:colcon.colcon_core.verb:set package 'champ_teleop' build argument 'cmake_target' from command line to 'None'
[2.994s] Level 5:colcon.colcon_core.verb:set package 'champ_teleop' build argument 'cmake_target_skip_unavailable' from command line to 'False'
[2.994s] Level 5:colcon.colcon_core.verb:set package 'champ_teleop' build argument 'cmake_clean_cache' from command line to 'False'
[2.994s] Level 5:colcon.colcon_core.verb:set package 'champ_teleop' build argument 'cmake_clean_first' from command line to 'False'
[2.994s] Level 5:colcon.colcon_core.verb:set package 'champ_teleop' build argument 'cmake_force_configure' from command line to 'False'
[2.994s] Level 5:colcon.colcon_core.verb:set package 'champ_teleop' build argument 'ament_cmake_args' from command line to 'None'
[2.994s] Level 5:colcon.colcon_core.verb:set package 'champ_teleop' build argument 'catkin_cmake_args' from command line to 'None'
[2.995s] Level 5:colcon.colcon_core.verb:set package 'champ_teleop' build argument 'catkin_skip_building_tests' from command line to 'False'
[2.995s] DEBUG:colcon.colcon_core.verb:Building package 'champ_teleop' with the following arguments: {'ament_cmake_args': None, 'build_base': '/home/ubuntu/ros2_ws/build/champ_teleop', 'catkin_cmake_args': None, 'catkin_skip_building_tests': False, 'cmake_args': None, 'cmake_clean_cache': False, 'cmake_clean_first': False, 'cmake_force_configure': False, 'cmake_target': None, 'cmake_target_skip_unavailable': False, 'install_base': '/home/ubuntu/ros2_ws/install/champ_teleop', 'merge_install': False, 'path': '/home/ubuntu/ros2_ws/src/champ/champ_teleop', 'symlink_install': False, 'test_result_base': None}
[2.996s] Level 5:colcon.colcon_core.verb:set package 'ldlidar_stl_ros2' build argument 'cmake_args' from command line to 'None'
[2.997s] Level 5:colcon.colcon_core.verb:set package 'ldlidar_stl_ros2' build argument 'cmake_target' from command line to 'None'
[2.997s] Level 5:colcon.colcon_core.verb:set package 'ldlidar_stl_ros2' build argument 'cmake_target_skip_unavailable' from command line to 'False'
[2.997s] Level 5:colcon.colcon_core.verb:set package 'ldlidar_stl_ros2' build argument 'cmake_clean_cache' from command line to 'False'
[2.997s] Level 5:colcon.colcon_core.verb:set package 'ldlidar_stl_ros2' build argument 'cmake_clean_first' from command line to 'False'
[2.997s] Level 5:colcon.colcon_core.verb:set package 'ldlidar_stl_ros2' build argument 'cmake_force_configure' from command line to 'False'
[2.997s] Level 5:colcon.colcon_core.verb:set package 'ldlidar_stl_ros2' build argument 'ament_cmake_args' from command line to 'None'
[2.997s] Level 5:colcon.colcon_core.verb:set package 'ldlidar_stl_ros2' build argument 'catkin_cmake_args' from command line to 'None'
[2.997s] Level 5:colcon.colcon_core.verb:set package 'ldlidar_stl_ros2' build argument 'catkin_skip_building_tests' from command line to 'False'
[2.998s] DEBUG:colcon.colcon_core.verb:Building package 'ldlidar_stl_ros2' with the following arguments: {'ament_cmake_args': None, 'build_base': '/home/ubuntu/ros2_ws/build/ldlidar_stl_ros2', 'catkin_cmake_args': None, 'catkin_skip_building_tests': False, 'cmake_args': None, 'cmake_clean_cache': False, 'cmake_clean_first': False, 'cmake_force_configure': False, 'cmake_target': None, 'cmake_target_skip_unavailable': False, 'install_base': '/home/ubuntu/ros2_ws/install/ldlidar_stl_ros2', 'merge_install': False, 'path': '/home/ubuntu/ros2_ws/src/ldlidar_stl_ros', 'symlink_install': False, 'test_result_base': None}
[2.999s] Level 5:colcon.colcon_core.verb:set package 'mini_pupper_2_description' build argument 'cmake_args' from command line to 'None'
[3.000s] Level 5:colcon.colcon_core.verb:set package 'mini_pupper_2_description' build argument 'cmake_target' from command line to 'None'
[3.000s] Level 5:colcon.colcon_core.verb:set package 'mini_pupper_2_description' build argument 'cmake_target_skip_unavailable' from command line to 'False'
[3.000s] Level 5:colcon.colcon_core.verb:set package 'mini_pupper_2_description' build argument 'cmake_clean_cache' from command line to 'False'
[3.000s] Level 5:colcon.colcon_core.verb:set package 'mini_pupper_2_description' build argument 'cmake_clean_first' from command line to 'False'
[3.000s] Level 5:colcon.colcon_core.verb:set package 'mini_pupper_2_description' build argument 'cmake_force_configure' from command line to 'False'
[3.000s] Level 5:colcon.colcon_core.verb:set package 'mini_pupper_2_description' build argument 'ament_cmake_args' from command line to 'None'
[3.000s] Level 5:colcon.colcon_core.verb:set package 'mini_pupper_2_description' build argument 'catkin_cmake_args' from command line to 'None'
[3.000s] Level 5:colcon.colcon_core.verb:set package 'mini_pupper_2_description' build argument 'catkin_skip_building_tests' from command line to 'False'
[3.001s] DEBUG:colcon.colcon_core.verb:Building package 'mini_pupper_2_description' with the following arguments: {'ament_cmake_args': None, 'build_base': '/home/ubuntu/ros2_ws/build/mini_pupper_2_description', 'catkin_cmake_args': None, 'catkin_skip_building_tests': False, 'cmake_args': None, 'cmake_clean_cache': False, 'cmake_clean_first': False, 'cmake_force_configure': False, 'cmake_target': None, 'cmake_target_skip_unavailable': False, 'install_base': '/home/ubuntu/ros2_ws/install/mini_pupper_2_description', 'merge_install': False, 'path': '/home/ubuntu/ros2_ws/src/mini_pupper_ros/mini_pupper_2_description', 'symlink_install': False, 'test_result_base': None}
[3.002s] Level 5:colcon.colcon_core.verb:set package 'mini_pupper_description' build argument 'cmake_args' from command line to 'None'
[3.002s] Level 5:colcon.colcon_core.verb:set package 'mini_pupper_description' build argument 'cmake_target' from command line to 'None'
[3.003s] Level 5:colcon.colcon_core.verb:set package 'mini_pupper_description' build argument 'cmake_target_skip_unavailable' from command line to 'False'
[3.003s] Level 5:colcon.colcon_core.verb:set package 'mini_pupper_description' build argument 'cmake_clean_cache' from command line to 'False'
[3.003s] Level 5:colcon.colcon_core.verb:set package 'mini_pupper_description' build argument 'cmake_clean_first' from command line to 'False'
[3.003s] Level 5:colcon.colcon_core.verb:set package 'mini_pupper_description' build argument 'cmake_force_configure' from command line to 'False'
[3.003s] Level 5:colcon.colcon_core.verb:set package 'mini_pupper_description' build argument 'ament_cmake_args' from command line to 'None'
[3.003s] Level 5:colcon.colcon_core.verb:set package 'mini_pupper_description' build argument 'catkin_cmake_args' from command line to 'None'
[3.003s] Level 5:colcon.colcon_core.verb:set package 'mini_pupper_description' build argument 'catkin_skip_building_tests' from command line to 'False'
[3.004s] DEBUG:colcon.colcon_core.verb:Building package 'mini_pupper_description' with the following arguments: {'ament_cmake_args': None, 'build_base': '/home/ubuntu/ros2_ws/build/mini_pupper_description', 'catkin_cmake_args': None, 'catkin_skip_building_tests': False, 'cmake_args': None, 'cmake_clean_cache': False, 'cmake_clean_first': False, 'cmake_force_configure': False, 'cmake_target': None, 'cmake_target_skip_unavailable': False, 'install_base': '/home/ubuntu/ros2_ws/install/mini_pupper_description', 'merge_install': False, 'path': '/home/ubuntu/ros2_ws/src/mini_pupper_ros/mini_pupper_description', 'symlink_install': False, 'test_result_base': None}
[3.005s] Level 5:colcon.colcon_core.verb:set package 'mini_pupper_driver' build argument 'cmake_args' from command line to 'None'
[3.005s] Level 5:colcon.colcon_core.verb:set package 'mini_pupper_driver' build argument 'cmake_target' from command line to 'None'
[3.005s] Level 5:colcon.colcon_core.verb:set package 'mini_pupper_driver' build argument 'cmake_target_skip_unavailable' from command line to 'False'
[3.006s] Level 5:colcon.colcon_core.verb:set package 'mini_pupper_driver' build argument 'cmake_clean_cache' from command line to 'False'
[3.006s] Level 5:colcon.colcon_core.verb:set package 'mini_pupper_driver' build argument 'cmake_clean_first' from command line to 'False'
[3.006s] Level 5:colcon.colcon_core.verb:set package 'mini_pupper_driver' build argument 'cmake_force_configure' from command line to 'False'
[3.006s] Level 5:colcon.colcon_core.verb:set package 'mini_pupper_driver' build argument 'ament_cmake_args' from command line to 'None'
[3.006s] Level 5:colcon.colcon_core.verb:set package 'mini_pupper_driver' build argument 'catkin_cmake_args' from command line to 'None'
[3.006s] Level 5:colcon.colcon_core.verb:set package 'mini_pupper_driver' build argument 'catkin_skip_building_tests' from command line to 'False'
[3.006s] DEBUG:colcon.colcon_core.verb:Building package 'mini_pupper_driver' with the following arguments: {'ament_cmake_args': None, 'build_base': '/home/ubuntu/ros2_ws/build/mini_pupper_driver', 'catkin_cmake_args': None, 'catkin_skip_building_tests': False, 'cmake_args': None, 'cmake_clean_cache': False, 'cmake_clean_first': False, 'cmake_force_configure': False, 'cmake_target': None, 'cmake_target_skip_unavailable': False, 'install_base': '/home/ubuntu/ros2_ws/install/mini_pupper_driver', 'merge_install': False, 'path': '/home/ubuntu/ros2_ws/src/mini_pupper_ros/mini_pupper_driver', 'symlink_install': False, 'test_result_base': None}
[3.008s] Level 5:colcon.colcon_core.verb:set package 'mini_pupper_interfaces' build argument 'cmake_args' from command line to 'None'
[3.008s] Level 5:colcon.colcon_core.verb:set package 'mini_pupper_interfaces' build argument 'cmake_target' from command line to 'None'
[3.008s] Level 5:colcon.colcon_core.verb:set package 'mini_pupper_interfaces' build argument 'cmake_target_skip_unavailable' from command line to 'False'
[3.009s] Level 5:colcon.colcon_core.verb:set package 'mini_pupper_interfaces' build argument 'cmake_clean_cache' from command line to 'False'
[3.009s] Level 5:colcon.colcon_core.verb:set package 'mini_pupper_interfaces' build argument 'cmake_clean_first' from command line to 'False'
[3.009s] Level 5:colcon.colcon_core.verb:set package 'mini_pupper_interfaces' build argument 'cmake_force_configure' from command line to 'False'
[3.009s] Level 5:colcon.colcon_core.verb:set package 'mini_pupper_interfaces' build argument 'ament_cmake_args' from command line to 'None'
[3.009s] Level 5:colcon.colcon_core.verb:set package 'mini_pupper_interfaces' build argument 'catkin_cmake_args' from command line to 'None'
[3.009s] Level 5:colcon.colcon_core.verb:set package 'mini_pupper_interfaces' build argument 'catkin_skip_building_tests' from command line to 'False'
[3.009s] DEBUG:colcon.colcon_core.verb:Building package 'mini_pupper_interfaces' with the following arguments: {'ament_cmake_args': None, 'build_base': '/home/ubuntu/ros2_ws/build/mini_pupper_interfaces', 'catkin_cmake_args': None, 'catkin_skip_building_tests': False, 'cmake_args': None, 'cmake_clean_cache': False, 'cmake_clean_first': False, 'cmake_force_configure': False, 'cmake_target': None, 'cmake_target_skip_unavailable': False, 'install_base': '/home/ubuntu/ros2_ws/install/mini_pupper_interfaces', 'merge_install': False, 'path': '/home/ubuntu/ros2_ws/src/mini_pupper_ros/mini_pupper_interfaces', 'symlink_install': False, 'test_result_base': None}
[3.011s] Level 5:colcon.colcon_core.verb:set package 'mini_pupper_music' build argument 'cmake_args' from command line to 'None'
[3.011s] Level 5:colcon.colcon_core.verb:set package 'mini_pupper_music' build argument 'cmake_target' from command line to 'None'
[3.011s] Level 5:colcon.colcon_core.verb:set package 'mini_pupper_music' build argument 'cmake_target_skip_unavailable' from command line to 'False'
[3.011s] Level 5:colcon.colcon_core.verb:set package 'mini_pupper_music' build argument 'cmake_clean_cache' from command line to 'False'
[3.012s] Level 5:colcon.colcon_core.verb:set package 'mini_pupper_music' build argument 'cmake_clean_first' from command line to 'False'
[3.012s] Level 5:colcon.colcon_core.verb:set package 'mini_pupper_music' build argument 'cmake_force_configure' from command line to 'False'
[3.012s] Level 5:colcon.colcon_core.verb:set package 'mini_pupper_music' build argument 'ament_cmake_args' from command line to 'None'
[3.012s] Level 5:colcon.colcon_core.verb:set package 'mini_pupper_music' build argument 'catkin_cmake_args' from command line to 'None'
[3.012s] Level 5:colcon.colcon_core.verb:set package 'mini_pupper_music' build argument 'catkin_skip_building_tests' from command line to 'False'
[3.012s] DEBUG:colcon.colcon_core.verb:Building package 'mini_pupper_music' with the following arguments: {'ament_cmake_args': None, 'build_base': '/home/ubuntu/ros2_ws/build/mini_pupper_music', 'catkin_cmake_args': None, 'catkin_skip_building_tests': False, 'cmake_args': None, 'cmake_clean_cache': False, 'cmake_clean_first': False, 'cmake_force_configure': False, 'cmake_target': None, 'cmake_target_skip_unavailable': False, 'install_base': '/home/ubuntu/ros2_ws/install/mini_pupper_music', 'merge_install': False, 'path': '/home/ubuntu/ros2_ws/src/mini_pupper_ros/mini_pupper_music', 'symlink_install': False, 'test_result_base': None}
[3.014s] Level 5:colcon.colcon_core.verb:set package 'pupper_interfaces' build argument 'cmake_args' from command line to 'None'
[3.014s] Level 5:colcon.colcon_core.verb:set package 'pupper_interfaces' build argument 'cmake_target' from command line to 'None'
[3.014s] Level 5:colcon.colcon_core.verb:set package 'pupper_interfaces' build argument 'cmake_target_skip_unavailable' from command line to 'False'
[3.014s] Level 5:colcon.colcon_core.verb:set package 'pupper_interfaces' build argument 'cmake_clean_cache' from command line to 'False'
[3.014s] Level 5:colcon.colcon_core.verb:set package 'pupper_interfaces' build argument 'cmake_clean_first' from command line to 'False'
[3.015s] Level 5:colcon.colcon_core.verb:set package 'pupper_interfaces' build argument 'cmake_force_configure' from command line to 'False'
[3.015s] Level 5:colcon.colcon_core.verb:set package 'pupper_interfaces' build argument 'ament_cmake_args' from command line to 'None'
[3.015s] Level 5:colcon.colcon_core.verb:set package 'pupper_interfaces' build argument 'catkin_cmake_args' from command line to 'None'
[3.015s] Level 5:colcon.colcon_core.verb:set package 'pupper_interfaces' build argument 'catkin_skip_building_tests' from command line to 'False'
[3.015s] DEBUG:colcon.colcon_core.verb:Building package 'pupper_interfaces' with the following arguments: {'ament_cmake_args': None, 'build_base': '/home/ubuntu/ros2_ws/build/pupper_interfaces', 'catkin_cmake_args': None, 'catkin_skip_building_tests': False, 'cmake_args': None, 'cmake_clean_cache': False, 'cmake_clean_first': False, 'cmake_force_configure': False, 'cmake_target': None, 'cmake_target_skip_unavailable': False, 'install_base': '/home/ubuntu/ros2_ws/install/pupper_interfaces', 'merge_install': False, 'path': '/home/ubuntu/ros2_ws/src/pupper_interfaces', 'symlink_install': False, 'test_result_base': None}
[3.017s] Level 5:colcon.colcon_core.verb:set package 'champ_base' build argument 'cmake_args' from command line to 'None'
[3.017s] Level 5:colcon.colcon_core.verb:set package 'champ_base' build argument 'cmake_target' from command line to 'None'
[3.017s] Level 5:colcon.colcon_core.verb:set package 'champ_base' build argument 'cmake_target_skip_unavailable' from command line to 'False'
[3.017s] Level 5:colcon.colcon_core.verb:set package 'champ_base' build argument 'cmake_clean_cache' from command line to 'False'
[3.017s] Level 5:colcon.colcon_core.verb:set package 'champ_base' build argument 'cmake_clean_first' from command line to 'False'
[3.017s] Level 5:colcon.colcon_core.verb:set package 'champ_base' build argument 'cmake_force_configure' from command line to 'False'
[3.018s] Level 5:colcon.colcon_core.verb:set package 'champ_base' build argument 'ament_cmake_args' from command line to 'None'
[3.018s] Level 5:colcon.colcon_core.verb:set package 'champ_base' build argument 'catkin_cmake_args' from command line to 'None'
[3.018s] Level 5:colcon.colcon_core.verb:set package 'champ_base' build argument 'catkin_skip_building_tests' from command line to 'False'
[3.018s] DEBUG:colcon.colcon_core.verb:Building package 'champ_base' with the following arguments: {'ament_cmake_args': None, 'build_base': '/home/ubuntu/ros2_ws/build/champ_base', 'catkin_cmake_args': None, 'catkin_skip_building_tests': False, 'cmake_args': None, 'cmake_clean_cache': False, 'cmake_clean_first': False, 'cmake_force_configure': False, 'cmake_target': None, 'cmake_target_skip_unavailable': False, 'install_base': '/home/ubuntu/ros2_ws/install/champ_base', 'merge_install': False, 'path': '/home/ubuntu/ros2_ws/src/champ/champ/champ_base', 'symlink_install': False, 'test_result_base': None}
[3.020s] Level 5:colcon.colcon_core.verb:set package 'go_pupper_srv' build argument 'cmake_args' from command line to 'None'
[3.020s] Level 5:colcon.colcon_core.verb:set package 'go_pupper_srv' build argument 'cmake_target' from command line to 'None'
[3.020s] Level 5:colcon.colcon_core.verb:set package 'go_pupper_srv' build argument 'cmake_target_skip_unavailable' from command line to 'False'
[3.020s] Level 5:colcon.colcon_core.verb:set package 'go_pupper_srv' build argument 'cmake_clean_cache' from command line to 'False'
[3.020s] Level 5:colcon.colcon_core.verb:set package 'go_pupper_srv' build argument 'cmake_clean_first' from command line to 'False'
[3.020s] Level 5:colcon.colcon_core.verb:set package 'go_pupper_srv' build argument 'cmake_force_configure' from command line to 'False'
[3.020s] Level 5:colcon.colcon_core.verb:set package 'go_pupper_srv' build argument 'ament_cmake_args' from command line to 'None'
[3.021s] Level 5:colcon.colcon_core.verb:set package 'go_pupper_srv' build argument 'catkin_cmake_args' from command line to 'None'
[3.021s] Level 5:colcon.colcon_core.verb:set package 'go_pupper_srv' build argument 'catkin_skip_building_tests' from command line to 'False'
[3.021s] DEBUG:colcon.colcon_core.verb:Building package 'go_pupper_srv' with the following arguments: {'ament_cmake_args': None, 'build_base': '/home/ubuntu/ros2_ws/build/go_pupper_srv', 'catkin_cmake_args': None, 'catkin_skip_building_tests': False, 'cmake_args': None, 'cmake_clean_cache': False, 'cmake_clean_first': False, 'cmake_force_configure': False, 'cmake_target': None, 'cmake_target_skip_unavailable': False, 'install_base': '/home/ubuntu/ros2_ws/install/go_pupper_srv', 'merge_install': False, 'path': '/home/ubuntu/ros2_ws/src/go_pupper_srv', 'symlink_install': False, 'test_result_base': None}
[3.023s] Level 5:colcon.colcon_core.verb:set package 'lab2task4' build argument 'cmake_args' from command line to 'None'
[3.023s] Level 5:colcon.colcon_core.verb:set package 'lab2task4' build argument 'cmake_target' from command line to 'None'
[3.023s] Level 5:colcon.colcon_core.verb:set package 'lab2task4' build argument 'cmake_target_skip_unavailable' from command line to 'False'
[3.023s] Level 5:colcon.colcon_core.verb:set package 'lab2task4' build argument 'cmake_clean_cache' from command line to 'False'
[3.023s] Level 5:colcon.colcon_core.verb:set package 'lab2task4' build argument 'cmake_clean_first' from command line to 'False'
[3.023s] Level 5:colcon.colcon_core.verb:set package 'lab2task4' build argument 'cmake_force_configure' from command line to 'False'
[3.023s] Level 5:colcon.colcon_core.verb:set package 'lab2task4' build argument 'ament_cmake_args' from command line to 'None'
[3.024s] Level 5:colcon.colcon_core.verb:set package 'lab2task4' build argument 'catkin_cmake_args' from command line to 'None'
[3.024s] Level 5:colcon.colcon_core.verb:set package 'lab2task4' build argument 'catkin_skip_building_tests' from command line to 'False'
[3.024s] DEBUG:colcon.colcon_core.verb:Building package 'lab2task4' with the following arguments: {'ament_cmake_args': None, 'build_base': '/home/ubuntu/ros2_ws/build/lab2task4', 'catkin_cmake_args': None, 'catkin_skip_building_tests': False, 'cmake_args': None, 'cmake_clean_cache': False, 'cmake_clean_first': False, 'cmake_force_configure': False, 'cmake_target': None, 'cmake_target_skip_unavailable': False, 'install_base': '/home/ubuntu/ros2_ws/install/lab2task4', 'merge_install': False, 'path': '/home/ubuntu/ros2_ws/src/lab2task4', 'symlink_install': False, 'test_result_base': None}
[3.025s] Level 5:colcon.colcon_core.verb:set package 'mini_pupper_dance' build argument 'cmake_args' from command line to 'None'
[3.026s] Level 5:colcon.colcon_core.verb:set package 'mini_pupper_dance' build argument 'cmake_target' from command line to 'None'
[3.026s] Level 5:colcon.colcon_core.verb:set package 'mini_pupper_dance' build argument 'cmake_target_skip_unavailable' from command line to 'False'
[3.026s] Level 5:colcon.colcon_core.verb:set package 'mini_pupper_dance' build argument 'cmake_clean_cache' from command line to 'False'
[3.026s] Level 5:colcon.colcon_core.verb:set package 'mini_pupper_dance' build argument 'cmake_clean_first' from command line to 'False'
[3.026s] Level 5:colcon.colcon_core.verb:set package 'mini_pupper_dance' build argument 'cmake_force_configure' from command line to 'False'
[3.026s] Level 5:colcon.colcon_core.verb:set package 'mini_pupper_dance' build argument 'ament_cmake_args' from command line to 'None'
[3.026s] Level 5:colcon.colcon_core.verb:set package 'mini_pupper_dance' build argument 'catkin_cmake_args' from command line to 'None'
[3.027s] Level 5:colcon.colcon_core.verb:set package 'mini_pupper_dance' build argument 'catkin_skip_building_tests' from command line to 'False'
[3.027s] DEBUG:colcon.colcon_core.verb:Building package 'mini_pupper_dance' with the following arguments: {'ament_cmake_args': None, 'build_base': '/home/ubuntu/ros2_ws/build/mini_pupper_dance', 'catkin_cmake_args': None, 'catkin_skip_building_tests': False, 'cmake_args': None, 'cmake_clean_cache': False, 'cmake_clean_first': False, 'cmake_force_configure': False, 'cmake_target': None, 'cmake_target_skip_unavailable': False, 'install_base': '/home/ubuntu/ros2_ws/install/mini_pupper_dance', 'merge_install': False, 'path': '/home/ubuntu/ros2_ws/src/mini_pupper_ros/mini_pupper_dance', 'symlink_install': False, 'test_result_base': None}
[3.028s] Level 5:colcon.colcon_core.verb:set package 'champ_bringup' build argument 'cmake_args' from command line to 'None'
[3.029s] Level 5:colcon.colcon_core.verb:set package 'champ_bringup' build argument 'cmake_target' from command line to 'None'
[3.029s] Level 5:colcon.colcon_core.verb:set package 'champ_bringup' build argument 'cmake_target_skip_unavailable' from command line to 'False'
[3.029s] Level 5:colcon.colcon_core.verb:set package 'champ_bringup' build argument 'cmake_clean_cache' from command line to 'False'
[3.029s] Level 5:colcon.colcon_core.verb:set package 'champ_bringup' build argument 'cmake_clean_first' from command line to 'False'
[3.029s] Level 5:colcon.colcon_core.verb:set package 'champ_bringup' build argument 'cmake_force_configure' from command line to 'False'
[3.029s] Level 5:colcon.colcon_core.verb:set package 'champ_bringup' build argument 'ament_cmake_args' from command line to 'None'
[3.029s] Level 5:colcon.colcon_core.verb:set package 'champ_bringup' build argument 'catkin_cmake_args' from command line to 'None'
[3.029s] Level 5:colcon.colcon_core.verb:set package 'champ_bringup' build argument 'catkin_skip_building_tests' from command line to 'False'
[3.030s] DEBUG:colcon.colcon_core.verb:Building package 'champ_bringup' with the following arguments: {'ament_cmake_args': None, 'build_base': '/home/ubuntu/ros2_ws/build/champ_bringup', 'catkin_cmake_args': None, 'catkin_skip_building_tests': False, 'cmake_args': None, 'cmake_clean_cache': False, 'cmake_clean_first': False, 'cmake_force_configure': False, 'cmake_target': None, 'cmake_target_skip_unavailable': False, 'install_base': '/home/ubuntu/ros2_ws/install/champ_bringup', 'merge_install': False, 'path': '/home/ubuntu/ros2_ws/src/champ/champ/champ_bringup', 'symlink_install': False, 'test_result_base': None}
[3.031s] Level 5:colcon.colcon_core.verb:set package 'mini_pupper_bringup' build argument 'cmake_args' from command line to 'None'
[3.032s] Level 5:colcon.colcon_core.verb:set package 'mini_pupper_bringup' build argument 'cmake_target' from command line to 'None'
[3.032s] Level 5:colcon.colcon_core.verb:set package 'mini_pupper_bringup' build argument 'cmake_target_skip_unavailable' from command line to 'False'
[3.032s] Level 5:colcon.colcon_core.verb:set package 'mini_pupper_bringup' build argument 'cmake_clean_cache' from command line to 'False'
[3.032s] Level 5:colcon.colcon_core.verb:set package 'mini_pupper_bringup' build argument 'cmake_clean_first' from command line to 'False'
[3.032s] Level 5:colcon.colcon_core.verb:set package 'mini_pupper_bringup' build argument 'cmake_force_configure' from command line to 'False'
[3.032s] Level 5:colcon.colcon_core.verb:set package 'mini_pupper_bringup' build argument 'ament_cmake_args' from command line to 'None'
[3.032s] Level 5:colcon.colcon_core.verb:set package 'mini_pupper_bringup' build argument 'catkin_cmake_args' from command line to 'None'
[3.032s] Level 5:colcon.colcon_core.verb:set package 'mini_pupper_bringup' build argument 'catkin_skip_building_tests' from command line to 'False'
[3.033s] DEBUG:colcon.colcon_core.verb:Building package 'mini_pupper_bringup' with the following arguments: {'ament_cmake_args': None, 'build_base': '/home/ubuntu/ros2_ws/build/mini_pupper_bringup', 'catkin_cmake_args': None, 'catkin_skip_building_tests': False, 'cmake_args': None, 'cmake_clean_cache': False, 'cmake_clean_first': False, 'cmake_force_configure': False, 'cmake_target': None, 'cmake_target_skip_unavailable': False, 'install_base': '/home/ubuntu/ros2_ws/install/mini_pupper_bringup', 'merge_install': False, 'path': '/home/ubuntu/ros2_ws/src/mini_pupper_ros/mini_pupper_bringup', 'symlink_install': False, 'test_result_base': None}
[3.033s] INFO:colcon.colcon_core.executor:Executing jobs using 'parallel' executor
[3.037s] DEBUG:colcon.colcon_parallel_executor.executor.parallel:run_until_complete
[3.039s] INFO:colcon.colcon_ros.task.ament_cmake.build:Building ROS package in '/home/ubuntu/ros2_ws/src/champ/champ/champ' with build type 'ament_cmake'
[3.040s] INFO:colcon.colcon_cmake.task.cmake.build:Building CMake package in '/home/ubuntu/ros2_ws/src/champ/champ/champ'
[3.076s] INFO:colcon.colcon_core.plugin_system:Skipping extension 'colcon_core.shell.bat': Not used on non-Windows systems
[3.077s] INFO:colcon.colcon_core.shell:Skip shell extension 'powershell' for command environment: Not usable outside of PowerShell
[3.077s] DEBUG:colcon.colcon_core.shell:Skip shell extension 'dsv' for command environment
[3.119s] INFO:colcon.colcon_ros.task.ament_cmake.build:Building ROS package in '/home/ubuntu/ros2_ws/src/champ/champ/champ_msgs' with build type 'ament_cmake'
[3.120s] INFO:colcon.colcon_cmake.task.cmake.build:Building CMake package in '/home/ubuntu/ros2_ws/src/champ/champ/champ_msgs'
[3.121s] INFO:colcon.colcon_core.shell:Skip shell extension 'powershell' for command environment: Not usable outside of PowerShell
[3.122s] DEBUG:colcon.colcon_core.shell:Skip shell extension 'dsv' for command environment
[3.163s] INFO:colcon.colcon_ros.task.ament_cmake.build:Building ROS package in '/home/ubuntu/ros2_ws/src/pupper_interfaces' with build type 'ament_cmake'
[3.165s] INFO:colcon.colcon_cmake.task.cmake.build:Building CMake package in '/home/ubuntu/ros2_ws/src/pupper_interfaces'
[3.168s] INFO:colcon.colcon_core.shell:Skip shell extension 'powershell' for command environment: Not usable outside of PowerShell
[3.169s] DEBUG:colcon.colcon_core.shell:Skip shell extension 'dsv' for command environment
[3.215s] INFO:colcon.colcon_ros.task.ament_cmake.build:Building ROS package in '/home/ubuntu/ros2_ws/src/champ/champ/champ_description' with build type 'ament_cmake'
[3.217s] INFO:colcon.colcon_cmake.task.cmake.build:Building CMake package in '/home/ubuntu/ros2_ws/src/champ/champ/champ_description'
[3.219s] INFO:colcon.colcon_core.shell:Skip shell extension 'powershell' for command environment: Not usable outside of PowerShell
[3.219s] DEBUG:colcon.colcon_core.shell:Skip shell extension 'dsv' for command environment
[3.298s] DEBUG:colcon.colcon_core.event_handler.log_command:Invoking command in '/home/ubuntu/ros2_ws/build/champ': CMAKE_PREFIX_PATH=${CMAKE_PREFIX_PATH}:/home/ubuntu/ros2_ws/install/lab2task4:/home/ubuntu/ros2_ws/install/go_pupper_srv:/home/ubuntu/ros2_ws/install/mini_pupper_music:/home/ubuntu/ros2_ws/install/mini_pupper_dance:/home/ubuntu/ros2_ws/install/mini_pupper_driver:/opt/ros/humble /usr/bin/cmake /home/ubuntu/ros2_ws/src/champ/champ/champ -DCMAKE_INSTALL_PREFIX=/home/ubuntu/ros2_ws/install/champ
[3.346s] DEBUG:colcon.colcon_core.event_handler.log_command:Invoking command in '/home/ubuntu/ros2_ws/build/champ_msgs': CMAKE_PREFIX_PATH=${CMAKE_PREFIX_PATH}:/home/ubuntu/ros2_ws/install/lab2task4:/home/ubuntu/ros2_ws/install/go_pupper_srv:/home/ubuntu/ros2_ws/install/mini_pupper_music:/home/ubuntu/ros2_ws/install/mini_pupper_dance:/home/ubuntu/ros2_ws/install/mini_pupper_driver:/opt/ros/humble /usr/bin/cmake /home/ubuntu/ros2_ws/src/champ/champ/champ_msgs -DCMAKE_INSTALL_PREFIX=/home/ubuntu/ros2_ws/install/champ_msgs
[3.373s] DEBUG:colcon.colcon_core.event_handler.log_command:Invoking command in '/home/ubuntu/ros2_ws/build/pupper_interfaces': CMAKE_PREFIX_PATH=${CMAKE_PREFIX_PATH}:/home/ubuntu/ros2_ws/install/lab2task4:/home/ubuntu/ros2_ws/install/go_pupper_srv:/home/ubuntu/ros2_ws/install/mini_pupper_music:/home/ubuntu/ros2_ws/install/mini_pupper_dance:/home/ubuntu/ros2_ws/install/mini_pupper_driver:/opt/ros/humble /usr/bin/cmake --build /home/ubuntu/ros2_ws/build/pupper_interfaces -- -j4 -l4
[3.399s] DEBUG:colcon.colcon_core.event_handler.log_command:Invoking command in '/home/ubuntu/ros2_ws/build/champ_description': CMAKE_PREFIX_PATH=${CMAKE_PREFIX_PATH}:/home/ubuntu/ros2_ws/install/lab2task4:/home/ubuntu/ros2_ws/install/go_pupper_srv:/home/ubuntu/ros2_ws/install/mini_pupper_music:/home/ubuntu/ros2_ws/install/mini_pupper_dance:/home/ubuntu/ros2_ws/install/mini_pupper_driver:/opt/ros/humble /usr/bin/cmake /home/ubuntu/ros2_ws/src/champ/champ/champ_description -DCMAKE_INSTALL_PREFIX=/home/ubuntu/ros2_ws/install/champ_description
[7.016s] DEBUG:colcon.colcon_core.event_handler.log_command:Invoked command in '/home/ubuntu/ros2_ws/build/champ_description' returned '0': CMAKE_PREFIX_PATH=${CMAKE_PREFIX_PATH}:/home/ubuntu/ros2_ws/install/lab2task4:/home/ubuntu/ros2_ws/install/go_pupper_srv:/home/ubuntu/ros2_ws/install/mini_pupper_music:/home/ubuntu/ros2_ws/install/mini_pupper_dance:/home/ubuntu/ros2_ws/install/mini_pupper_driver:/opt/ros/humble /usr/bin/cmake /home/ubuntu/ros2_ws/src/champ/champ/champ_description -DCMAKE_INSTALL_PREFIX=/home/ubuntu/ros2_ws/install/champ_description
[7.018s] DEBUG:colcon.colcon_core.event_handler.log_command:Invoking command in '/home/ubuntu/ros2_ws/build/champ_description': CMAKE_PREFIX_PATH=${CMAKE_PREFIX_PATH}:/home/ubuntu/ros2_ws/install/lab2task4:/home/ubuntu/ros2_ws/install/go_pupper_srv:/home/ubuntu/ros2_ws/install/mini_pupper_music:/home/ubuntu/ros2_ws/install/mini_pupper_dance:/home/ubuntu/ros2_ws/install/mini_pupper_driver:/opt/ros/humble /usr/bin/cmake --build /home/ubuntu/ros2_ws/build/champ_description -- -j4 -l4
[7.381s] DEBUG:colcon.colcon_core.event_handler.log_command:Invoked command in '/home/ubuntu/ros2_ws/build/champ_description' returned '0': CMAKE_PREFIX_PATH=${CMAKE_PREFIX_PATH}:/home/ubuntu/ros2_ws/install/lab2task4:/home/ubuntu/ros2_ws/install/go_pupper_srv:/home/ubuntu/ros2_ws/install/mini_pupper_music:/home/ubuntu/ros2_ws/install/mini_pupper_dance:/home/ubuntu/ros2_ws/install/mini_pupper_driver:/opt/ros/humble /usr/bin/cmake --build /home/ubuntu/ros2_ws/build/champ_description -- -j4 -l4
[7.773s] DEBUG:colcon.colcon_core.event_handler.log_command:Invoking command in '/home/ubuntu/ros2_ws/build/champ_description': CMAKE_PREFIX_PATH=${CMAKE_PREFIX_PATH}:/home/ubuntu/ros2_ws/install/lab2task4:/home/ubuntu/ros2_ws/install/go_pupper_srv:/home/ubuntu/ros2_ws/install/mini_pupper_music:/home/ubuntu/ros2_ws/install/mini_pupper_dance:/home/ubuntu/ros2_ws/install/mini_pupper_driver:/opt/ros/humble /usr/bin/cmake --install /home/ubuntu/ros2_ws/build/champ_description
[8.118s] Level 1:colcon.colcon_core.environment:create_environment_scripts_only(champ_description)
[8.121s] DEBUG:colcon.colcon_core.event_handler.log_command:Invoked command in '/home/ubuntu/ros2_ws/build/champ_description' returned '0': CMAKE_PREFIX_PATH=${CMAKE_PREFIX_PATH}:/home/ubuntu/ros2_ws/install/lab2task4:/home/ubuntu/ros2_ws/install/go_pupper_srv:/home/ubuntu/ros2_ws/install/mini_pupper_music:/home/ubuntu/ros2_ws/install/mini_pupper_dance:/home/ubuntu/ros2_ws/install/mini_pupper_driver:/opt/ros/humble /usr/bin/cmake --install /home/ubuntu/ros2_ws/build/champ_description
[8.159s] Level 1:colcon.colcon_core.environment:checking '/home/ubuntu/ros2_ws/install/champ_description' for CMake module files
[8.163s] Level 1:colcon.colcon_core.environment:checking '/home/ubuntu/ros2_ws/install/champ_description' for CMake config files
[8.172s] Level 1:colcon.colcon_core.shell:create_environment_hook('champ_description', 'cmake_prefix_path')
[8.173s] INFO:colcon.colcon_core.shell:Creating environment hook '/home/ubuntu/ros2_ws/install/champ_description/share/champ_description/hook/cmake_prefix_path.ps1'
[8.189s] INFO:colcon.colcon_core.shell:Creating environment descriptor '/home/ubuntu/ros2_ws/install/champ_description/share/champ_description/hook/cmake_prefix_path.dsv'
[8.194s] INFO:colcon.colcon_core.shell:Creating environment hook '/home/ubuntu/ros2_ws/install/champ_description/share/champ_description/hook/cmake_prefix_path.sh'
[8.203s] Level 1:colcon.colcon_core.environment:checking '/home/ubuntu/ros2_ws/install/champ_description/bin'
[8.204s] Level 1:colcon.colcon_core.environment:checking '/home/ubuntu/ros2_ws/install/champ_description/lib/pkgconfig/champ_description.pc'
[8.206s] Level 1:colcon.colcon_core.environment:checking '/home/ubuntu/ros2_ws/install/champ_description/lib/python3.10/site-packages'
[8.208s] Level 1:colcon.colcon_core.environment:checking '/home/ubuntu/ros2_ws/install/champ_description/bin'
[8.210s] INFO:colcon.colcon_core.shell:Creating package script '/home/ubuntu/ros2_ws/install/champ_description/share/champ_description/package.ps1'
[8.214s] INFO:colcon.colcon_core.shell:Creating package descriptor '/home/ubuntu/ros2_ws/install/champ_description/share/champ_description/package.dsv'
[8.218s] INFO:colcon.colcon_core.shell:Creating package script '/home/ubuntu/ros2_ws/install/champ_description/share/champ_description/package.sh'
[8.223s] INFO:colcon.colcon_core.shell:Creating package script '/home/ubuntu/ros2_ws/install/champ_description/share/champ_description/package.bash'
[8.228s] INFO:colcon.colcon_core.shell:Creating package script '/home/ubuntu/ros2_ws/install/champ_description/share/champ_description/package.zsh'
[8.234s] Level 1:colcon.colcon_core.environment:create_file_with_runtime_dependencies(/home/ubuntu/ros2_ws/install/champ_description/share/colcon-core/packages/champ_description)
[8.486s] Level 1:colcon.colcon_core.environment:create_environment_scripts_only(champ_description)
[8.489s] Level 1:colcon.colcon_core.environment:checking '/home/ubuntu/ros2_ws/install/champ_description' for CMake module files
[8.495s] Level 1:colcon.colcon_core.environment:checking '/home/ubuntu/ros2_ws/install/champ_description' for CMake config files
[8.502s] Level 1:colcon.colcon_core.shell:create_environment_hook('champ_description', 'cmake_prefix_path')
[8.505s] INFO:colcon.colcon_core.shell:Creating environment hook '/home/ubuntu/ros2_ws/install/champ_description/share/champ_description/hook/cmake_prefix_path.ps1'
[8.509s] INFO:colcon.colcon_core.shell:Creating environment descriptor '/home/ubuntu/ros2_ws/install/champ_description/share/champ_description/hook/cmake_prefix_path.dsv'
[8.512s] INFO:colcon.colcon_core.shell:Creating environment hook '/home/ubuntu/ros2_ws/install/champ_description/share/champ_description/hook/cmake_prefix_path.sh'
[8.517s] Level 1:colcon.colcon_core.environment:checking '/home/ubuntu/ros2_ws/install/champ_description/bin'
[8.517s] Level 1:colcon.colcon_core.environment:checking '/home/ubuntu/ros2_ws/install/champ_description/lib/pkgconfig/champ_description.pc'
[8.519s] Level 1:colcon.colcon_core.environment:checking '/home/ubuntu/ros2_ws/install/champ_description/lib/python3.10/site-packages'
[8.520s] Level 1:colcon.colcon_core.environment:checking '/home/ubuntu/ros2_ws/install/champ_description/bin'
[8.522s] INFO:colcon.colcon_core.shell:Creating package script '/home/ubuntu/ros2_ws/install/champ_description/share/champ_description/package.ps1'
[8.527s] INFO:colcon.colcon_core.shell:Creating package descriptor '/home/ubuntu/ros2_ws/install/champ_description/share/champ_description/package.dsv'
[8.531s] INFO:colcon.colcon_core.shell:Creating package script '/home/ubuntu/ros2_ws/install/champ_description/share/champ_description/package.sh'
[8.534s] INFO:colcon.colcon_core.shell:Creating package script '/home/ubuntu/ros2_ws/install/champ_description/share/champ_description/package.bash'
[8.536s] INFO:colcon.colcon_core.shell:Creating package script '/home/ubuntu/ros2_ws/install/champ_description/share/champ_description/package.zsh'
[8.539s] Level 1:colcon.colcon_core.environment:create_file_with_runtime_dependencies(/home/ubuntu/ros2_ws/install/champ_description/share/colcon-core/packages/champ_description)
[8.545s] INFO:colcon.colcon_ros.task.ament_cmake.build:Building ROS package in '/home/ubuntu/ros2_ws/src/mini_pupper_ros/mini_pupper_interfaces' with build type 'ament_cmake'
[8.547s] INFO:colcon.colcon_cmake.task.cmake.build:Building CMake package in '/home/ubuntu/ros2_ws/src/mini_pupper_ros/mini_pupper_interfaces'
[8.548s] INFO:colcon.colcon_core.shell:Skip shell extension 'powershell' for command environment: Not usable outside of PowerShell
[8.549s] DEBUG:colcon.colcon_core.shell:Skip shell extension 'dsv' for command environment
[8.708s] DEBUG:colcon.colcon_core.event_handler.log_command:Invoking command in '/home/ubuntu/ros2_ws/build/mini_pupper_interfaces': CMAKE_PREFIX_PATH=${CMAKE_PREFIX_PATH}:/home/ubuntu/ros2_ws/install/lab2task4:/home/ubuntu/ros2_ws/install/go_pupper_srv:/home/ubuntu/ros2_ws/install/mini_pupper_music:/home/ubuntu/ros2_ws/install/mini_pupper_dance:/home/ubuntu/ros2_ws/install/mini_pupper_driver:/opt/ros/humble /usr/bin/cmake /home/ubuntu/ros2_ws/src/mini_pupper_ros/mini_pupper_interfaces -DCMAKE_INSTALL_PREFIX=/home/ubuntu/ros2_ws/install/mini_pupper_interfaces
[8.873s] DEBUG:colcon.colcon_core.event_handler.log_command:Invoked command in '/home/ubuntu/ros2_ws/build/pupper_interfaces' returned '0': CMAKE_PREFIX_PATH=${CMAKE_PREFIX_PATH}:/home/ubuntu/ros2_ws/install/lab2task4:/home/ubuntu/ros2_ws/install/go_pupper_srv:/home/ubuntu/ros2_ws/install/mini_pupper_music:/home/ubuntu/ros2_ws/install/mini_pupper_dance:/home/ubuntu/ros2_ws/install/mini_pupper_driver:/opt/ros/humble /usr/bin/cmake --build /home/ubuntu/ros2_ws/build/pupper_interfaces -- -j4 -l4
[9.793s] DEBUG:colcon.colcon_core.event_handler.log_command:Invoking command in '/home/ubuntu/ros2_ws/build/pupper_interfaces': CMAKE_PREFIX_PATH=${CMAKE_PREFIX_PATH}:/home/ubuntu/ros2_ws/install/lab2task4:/home/ubuntu/ros2_ws/install/go_pupper_srv:/home/ubuntu/ros2_ws/install/mini_pupper_music:/home/ubuntu/ros2_ws/install/mini_pupper_dance:/home/ubuntu/ros2_ws/install/mini_pupper_driver:/opt/ros/humble /usr/bin/cmake --install /home/ubuntu/ros2_ws/build/pupper_interfaces
[10.622s] Level 1:colcon.colcon_core.environment:create_environment_scripts_only(pupper_interfaces)
[10.624s] Level 1:colcon.colcon_core.environment:checking '/home/ubuntu/ros2_ws/install/pupper_interfaces' for CMake module files
[10.630s] Level 1:colcon.colcon_core.environment:checking '/home/ubuntu/ros2_ws/install/pupper_interfaces' for CMake config files
[10.632s] DEBUG:colcon.colcon_core.event_handler.log_command:Invoked command in '/home/ubuntu/ros2_ws/build/pupper_interfaces' returned '0': CMAKE_PREFIX_PATH=${CMAKE_PREFIX_PATH}:/home/ubuntu/ros2_ws/install/lab2task4:/home/ubuntu/ros2_ws/install/go_pupper_srv:/home/ubuntu/ros2_ws/install/mini_pupper_music:/home/ubuntu/ros2_ws/install/mini_pupper_dance:/home/ubuntu/ros2_ws/install/mini_pupper_driver:/opt/ros/humble /usr/bin/cmake --install /home/ubuntu/ros2_ws/build/pupper_interfaces
[10.639s] Level 1:colcon.colcon_core.shell:create_environment_hook('pupper_interfaces', 'cmake_prefix_path')
[10.641s] INFO:colcon.colcon_core.shell:Creating environment hook '/home/ubuntu/ros2_ws/install/pupper_interfaces/share/pupper_interfaces/hook/cmake_prefix_path.ps1'
[10.644s] INFO:colcon.colcon_core.shell:Creating environment descriptor '/home/ubuntu/ros2_ws/install/pupper_interfaces/share/pupper_interfaces/hook/cmake_prefix_path.dsv'
[10.656s] INFO:colcon.colcon_core.shell:Creating environment hook '/home/ubuntu/ros2_ws/install/pupper_interfaces/share/pupper_interfaces/hook/cmake_prefix_path.sh'
[10.660s] Level 1:colcon.colcon_core.environment:checking '/home/ubuntu/ros2_ws/install/pupper_interfaces/lib'
[10.661s] Level 1:colcon.colcon_core.shell:create_environment_hook('pupper_interfaces', 'ld_library_path_lib')
[10.663s] INFO:colcon.colcon_core.shell:Creating environment hook '/home/ubuntu/ros2_ws/install/pupper_interfaces/share/pupper_interfaces/hook/ld_library_path_lib.ps1'
[10.666s] INFO:colcon.colcon_core.shell:Creating environment descriptor '/home/ubuntu/ros2_ws/install/pupper_interfaces/share/pupper_interfaces/hook/ld_library_path_lib.dsv'
[10.669s] INFO:colcon.colcon_core.shell:Creating environment hook '/home/ubuntu/ros2_ws/install/pupper_interfaces/share/pupper_interfaces/hook/ld_library_path_lib.sh'
[10.671s] Level 1:colcon.colcon_core.environment:checking '/home/ubuntu/ros2_ws/install/pupper_interfaces/bin'
[10.672s] Level 1:colcon.colcon_core.environment:checking '/home/ubuntu/ros2_ws/install/pupper_interfaces/lib/pkgconfig/pupper_interfaces.pc'
[10.673s] Level 1:colcon.colcon_core.environment:checking '/home/ubuntu/ros2_ws/install/pupper_interfaces/lib/python3.10/site-packages'
[10.674s] Level 1:colcon.colcon_core.environment:checking '/home/ubuntu/ros2_ws/install/pupper_interfaces/bin'
[10.676s] INFO:colcon.colcon_core.shell:Creating package script '/home/ubuntu/ros2_ws/install/pupper_interfaces/share/pupper_interfaces/package.ps1'
[10.679s] INFO:colcon.colcon_core.shell:Creating package descriptor '/home/ubuntu/ros2_ws/install/pupper_interfaces/share/pupper_interfaces/package.dsv'
[10.682s] INFO:colcon.colcon_core.shell:Creating package script '/home/ubuntu/ros2_ws/install/pupper_interfaces/share/pupper_interfaces/package.sh'
[10.685s] INFO:colcon.colcon_core.shell:Creating package script '/home/ubuntu/ros2_ws/install/pupper_interfaces/share/pupper_interfaces/package.bash'
[10.688s] INFO:colcon.colcon_core.shell:Creating package script '/home/ubuntu/ros2_ws/install/pupper_interfaces/share/pupper_interfaces/package.zsh'
[10.690s] Level 1:colcon.colcon_core.environment:create_file_with_runtime_dependencies(/home/ubuntu/ros2_ws/install/pupper_interfaces/share/colcon-core/packages/pupper_interfaces)
[11.817s] Level 1:colcon.colcon_core.environment:create_environment_scripts_only(pupper_interfaces)
[11.819s] Level 1:colcon.colcon_core.environment:checking '/home/ubuntu/ros2_ws/install/pupper_interfaces' for CMake module files
[11.830s] Level 1:colcon.colcon_core.environment:checking '/home/ubuntu/ros2_ws/install/pupper_interfaces' for CMake config files
[11.841s] Level 1:colcon.colcon_core.shell:create_environment_hook('pupper_interfaces', 'cmake_prefix_path')
[11.844s] INFO:colcon.colcon_core.shell:Creating environment hook '/home/ubuntu/ros2_ws/install/pupper_interfaces/share/pupper_interfaces/hook/cmake_prefix_path.ps1'
[11.849s] INFO:colcon.colcon_core.shell:Creating environment descriptor '/home/ubuntu/ros2_ws/install/pupper_interfaces/share/pupper_interfaces/hook/cmake_prefix_path.dsv'
[11.863s] INFO:colcon.colcon_core.shell:Creating environment hook '/home/ubuntu/ros2_ws/install/pupper_interfaces/share/pupper_interfaces/hook/cmake_prefix_path.sh'
[11.869s] Level 1:colcon.colcon_core.environment:checking '/home/ubuntu/ros2_ws/install/pupper_interfaces/lib'
[11.870s] Level 1:colcon.colcon_core.shell:create_environment_hook('pupper_interfaces', 'ld_library_path_lib')
[11.871s] INFO:colcon.colcon_core.shell:Creating environment hook '/home/ubuntu/ros2_ws/install/pupper_interfaces/share/pupper_interfaces/hook/ld_library_path_lib.ps1'
[11.874s] INFO:colcon.colcon_core.shell:Creating environment descriptor '/home/ubuntu/ros2_ws/install/pupper_interfaces/share/pupper_interfaces/hook/ld_library_path_lib.dsv'
[11.877s] INFO:colcon.colcon_core.shell:Creating environment hook '/home/ubuntu/ros2_ws/install/pupper_interfaces/share/pupper_interfaces/hook/ld_library_path_lib.sh'
[11.880s] Level 1:colcon.colcon_core.environment:checking '/home/ubuntu/ros2_ws/install/pupper_interfaces/bin'
[11.881s] Level 1:colcon.colcon_core.environment:checking '/home/ubuntu/ros2_ws/install/pupper_interfaces/lib/pkgconfig/pupper_interfaces.pc'
[11.883s] Level 1:colcon.colcon_core.environment:checking '/home/ubuntu/ros2_ws/install/pupper_interfaces/lib/python3.10/site-packages'
[11.886s] Level 1:colcon.colcon_core.environment:checking '/home/ubuntu/ros2_ws/install/pupper_interfaces/bin'
[11.889s] INFO:colcon.colcon_core.shell:Creating package script '/home/ubuntu/ros2_ws/install/pupper_interfaces/share/pupper_interfaces/package.ps1'
[11.894s] INFO:colcon.colcon_core.shell:Creating package descriptor '/home/ubuntu/ros2_ws/install/pupper_interfaces/share/pupper_interfaces/package.dsv'
[11.898s] INFO:colcon.colcon_core.shell:Creating package script '/home/ubuntu/ros2_ws/install/pupper_interfaces/share/pupper_interfaces/package.sh'
[11.903s] INFO:colcon.colcon_core.shell:Creating package script '/home/ubuntu/ros2_ws/install/pupper_interfaces/share/pupper_interfaces/package.bash'
[11.906s] INFO:colcon.colcon_core.shell:Creating package script '/home/ubuntu/ros2_ws/install/pupper_interfaces/share/pupper_interfaces/package.zsh'
[11.909s] Level 1:colcon.colcon_core.environment:create_file_with_runtime_dependencies(/home/ubuntu/ros2_ws/install/pupper_interfaces/share/colcon-core/packages/pupper_interfaces)
[11.912s] INFO:colcon.colcon_ros.task.ament_cmake.build:Building ROS package in '/home/ubuntu/ros2_ws/src/champ/champ/champ_config' with build type 'ament_cmake'
[11.913s] INFO:colcon.colcon_cmake.task.cmake.build:Building CMake package in '/home/ubuntu/ros2_ws/src/champ/champ/champ_config'
[11.915s] INFO:colcon.colcon_core.shell:Skip shell extension 'powershell' for command environment: Not usable outside of PowerShell
[11.917s] DEBUG:colcon.colcon_core.shell:Skip shell extension 'dsv' for command environment
[12.051s] DEBUG:colcon.colcon_core.event_handler.log_command:Invoking command in '/home/ubuntu/ros2_ws/build/champ_config': CMAKE_PREFIX_PATH=${CMAKE_PREFIX_PATH}:/home/ubuntu/ros2_ws/install/lab2task4:/home/ubuntu/ros2_ws/install/go_pupper_srv:/home/ubuntu/ros2_ws/install/mini_pupper_music:/home/ubuntu/ros2_ws/install/mini_pupper_dance:/home/ubuntu/ros2_ws/install/mini_pupper_driver:/opt/ros/humble /usr/bin/cmake /home/ubuntu/ros2_ws/src/champ/champ/champ_config -DCMAKE_INSTALL_PREFIX=/home/ubuntu/ros2_ws/install/champ_config
[12.325s] DEBUG:colcon.colcon_core.event_handler.log_command:Invoked command in '/home/ubuntu/ros2_ws/build/champ' returned '0': CMAKE_PREFIX_PATH=${CMAKE_PREFIX_PATH}:/home/ubuntu/ros2_ws/install/lab2task4:/home/ubuntu/ros2_ws/install/go_pupper_srv:/home/ubuntu/ros2_ws/install/mini_pupper_music:/home/ubuntu/ros2_ws/install/mini_pupper_dance:/home/ubuntu/ros2_ws/install/mini_pupper_driver:/opt/ros/humble /usr/bin/cmake /home/ubuntu/ros2_ws/src/champ/champ/champ -DCMAKE_INSTALL_PREFIX=/home/ubuntu/ros2_ws/install/champ
[12.328s] DEBUG:colcon.colcon_core.event_handler.log_command:Invoking command in '/home/ubuntu/ros2_ws/build/champ': CMAKE_PREFIX_PATH=${CMAKE_PREFIX_PATH}:/home/ubuntu/ros2_ws/install/lab2task4:/home/ubuntu/ros2_ws/install/go_pupper_srv:/home/ubuntu/ros2_ws/install/mini_pupper_music:/home/ubuntu/ros2_ws/install/mini_pupper_dance:/home/ubuntu/ros2_ws/install/mini_pupper_driver:/opt/ros/humble /usr/bin/cmake --build /home/ubuntu/ros2_ws/build/champ -- -j4 -l4
[12.651s] DEBUG:colcon.colcon_core.event_handler.log_command:Invoked command in '/home/ubuntu/ros2_ws/build/champ' returned '0': CMAKE_PREFIX_PATH=${CMAKE_PREFIX_PATH}:/home/ubuntu/ros2_ws/install/lab2task4:/home/ubuntu/ros2_ws/install/go_pupper_srv:/home/ubuntu/ros2_ws/install/mini_pupper_music:/home/ubuntu/ros2_ws/install/mini_pupper_dance:/home/ubuntu/ros2_ws/install/mini_pupper_driver:/opt/ros/humble /usr/bin/cmake --build /home/ubuntu/ros2_ws/build/champ -- -j4 -l4
[12.866s] DEBUG:colcon.colcon_core.event_handler.log_command:Invoking command in '/home/ubuntu/ros2_ws/build/champ': CMAKE_PREFIX_PATH=${CMAKE_PREFIX_PATH}:/home/ubuntu/ros2_ws/install/lab2task4:/home/ubuntu/ros2_ws/install/go_pupper_srv:/home/ubuntu/ros2_ws/install/mini_pupper_music:/home/ubuntu/ros2_ws/install/mini_pupper_dance:/home/ubuntu/ros2_ws/install/mini_pupper_driver:/opt/ros/humble /usr/bin/cmake --install /home/ubuntu/ros2_ws/build/champ
[13.166s] Level 1:colcon.colcon_core.environment:create_environment_scripts_only(champ)
[13.167s] Level 1:colcon.colcon_core.environment:checking '/home/ubuntu/ros2_ws/install/champ' for CMake module files
[13.173s] DEBUG:colcon.colcon_core.event_handler.log_command:Invoked command in '/home/ubuntu/ros2_ws/build/champ' returned '0': CMAKE_PREFIX_PATH=${CMAKE_PREFIX_PATH}:/home/ubuntu/ros2_ws/install/lab2task4:/home/ubuntu/ros2_ws/install/go_pupper_srv:/home/ubuntu/ros2_ws/install/mini_pupper_music:/home/ubuntu/ros2_ws/install/mini_pupper_dance:/home/ubuntu/ros2_ws/install/mini_pupper_driver:/opt/ros/humble /usr/bin/cmake --install /home/ubuntu/ros2_ws/build/champ
[13.194s] Level 1:colcon.colcon_core.environment:checking '/home/ubuntu/ros2_ws/install/champ' for CMake config files
[13.204s] Level 1:colcon.colcon_core.shell:create_environment_hook('champ', 'cmake_prefix_path')
[13.208s] INFO:colcon.colcon_core.shell:Creating environment hook '/home/ubuntu/ros2_ws/install/champ/share/champ/hook/cmake_prefix_path.ps1'
[13.215s] INFO:colcon.colcon_core.shell:Creating environment descriptor '/home/ubuntu/ros2_ws/install/champ/share/champ/hook/cmake_prefix_path.dsv'
[13.220s] INFO:colcon.colcon_core.shell:Creating environment hook '/home/ubuntu/ros2_ws/install/champ/share/champ/hook/cmake_prefix_path.sh'
[13.226s] Level 1:colcon.colcon_core.environment:checking '/home/ubuntu/ros2_ws/install/champ/bin'
[13.226s] Level 1:colcon.colcon_core.environment:checking '/home/ubuntu/ros2_ws/install/champ/lib/pkgconfig/champ.pc'
[13.228s] Level 1:colcon.colcon_core.environment:checking '/home/ubuntu/ros2_ws/install/champ/lib/python3.10/site-packages'
[13.229s] Level 1:colcon.colcon_core.environment:checking '/home/ubuntu/ros2_ws/install/champ/bin'
[13.231s] INFO:colcon.colcon_core.shell:Creating package script '/home/ubuntu/ros2_ws/install/champ/share/champ/package.ps1'
[13.236s] INFO:colcon.colcon_core.shell:Creating package descriptor '/home/ubuntu/ros2_ws/install/champ/share/champ/package.dsv'
[13.240s] INFO:colcon.colcon_core.shell:Creating package script '/home/ubuntu/ros2_ws/install/champ/share/champ/package.sh'
[13.245s] INFO:colcon.colcon_core.shell:Creating package script '/home/ubuntu/ros2_ws/install/champ/share/champ/package.bash'
[13.248s] INFO:colcon.colcon_core.shell:Creating package script '/home/ubuntu/ros2_ws/install/champ/share/champ/package.zsh'
[13.250s] Level 1:colcon.colcon_core.environment:create_file_with_runtime_dependencies(/home/ubuntu/ros2_ws/install/champ/share/colcon-core/packages/champ)
[13.494s] Level 1:colcon.colcon_core.environment:create_environment_scripts_only(champ)
[13.495s] Level 1:colcon.colcon_core.environment:checking '/home/ubuntu/ros2_ws/install/champ' for CMake module files
[13.499s] Level 1:colcon.colcon_core.environment:checking '/home/ubuntu/ros2_ws/install/champ' for CMake config files
[13.502s] Level 1:colcon.colcon_core.shell:create_environment_hook('champ', 'cmake_prefix_path')
[13.509s] INFO:colcon.colcon_core.shell:Creating environment hook '/home/ubuntu/ros2_ws/install/champ/share/champ/hook/cmake_prefix_path.ps1'
[13.524s] INFO:colcon.colcon_core.shell:Creating environment descriptor '/home/ubuntu/ros2_ws/install/champ/share/champ/hook/cmake_prefix_path.dsv'
[13.526s] INFO:colcon.colcon_core.shell:Creating environment hook '/home/ubuntu/ros2_ws/install/champ/share/champ/hook/cmake_prefix_path.sh'
[13.529s] Level 1:colcon.colcon_core.environment:checking '/home/ubuntu/ros2_ws/install/champ/bin'
[13.530s] Level 1:colcon.colcon_core.environment:checking '/home/ubuntu/ros2_ws/install/champ/lib/pkgconfig/champ.pc'
[13.531s] Level 1:colcon.colcon_core.environment:checking '/home/ubuntu/ros2_ws/install/champ/lib/python3.10/site-packages'
[13.533s] Level 1:colcon.colcon_core.environment:checking '/home/ubuntu/ros2_ws/install/champ/bin'
[13.534s] INFO:colcon.colcon_core.shell:Creating package script '/home/ubuntu/ros2_ws/install/champ/share/champ/package.ps1'
[13.549s] INFO:colcon.colcon_core.shell:Creating package descriptor '/home/ubuntu/ros2_ws/install/champ/share/champ/package.dsv'
[13.552s] INFO:colcon.colcon_core.shell:Creating package script '/home/ubuntu/ros2_ws/install/champ/share/champ/package.sh'
[13.563s] INFO:colcon.colcon_core.shell:Creating package script '/home/ubuntu/ros2_ws/install/champ/share/champ/package.bash'
[13.566s] INFO:colcon.colcon_core.shell:Creating package script '/home/ubuntu/ros2_ws/install/champ/share/champ/package.zsh'
[13.573s] Level 1:colcon.colcon_core.environment:create_file_with_runtime_dependencies(/home/ubuntu/ros2_ws/install/champ/share/colcon-core/packages/champ)
[13.590s] INFO:colcon.colcon_ros.task.ament_cmake.build:Building ROS package in '/home/ubuntu/ros2_ws/src/champ/champ_teleop' with build type 'ament_cmake'
[13.597s] INFO:colcon.colcon_cmake.task.cmake.build:Building CMake package in '/home/ubuntu/ros2_ws/src/champ/champ_teleop'
[13.598s] INFO:colcon.colcon_core.shell:Skip shell extension 'powershell' for command environment: Not usable outside of PowerShell
[13.599s] DEBUG:colcon.colcon_core.shell:Skip shell extension 'dsv' for command environment
[13.707s] DEBUG:colcon.colcon_core.event_handler.log_command:Invoking command in '/home/ubuntu/ros2_ws/build/champ_teleop': CMAKE_PREFIX_PATH=${CMAKE_PREFIX_PATH}:/home/ubuntu/ros2_ws/install/lab2task4:/home/ubuntu/ros2_ws/install/go_pupper_srv:/home/ubuntu/ros2_ws/install/mini_pupper_music:/home/ubuntu/ros2_ws/install/mini_pupper_dance:/home/ubuntu/ros2_ws/install/mini_pupper_driver:/opt/ros/humble /usr/bin/cmake /home/ubuntu/ros2_ws/src/champ/champ_teleop -DCMAKE_INSTALL_PREFIX=/home/ubuntu/ros2_ws/install/champ_teleop
[14.561s] DEBUG:colcon.colcon_core.event_handler.log_command:Invoked command in '/home/ubuntu/ros2_ws/build/champ_config' returned '0': CMAKE_PREFIX_PATH=${CMAKE_PREFIX_PATH}:/home/ubuntu/ros2_ws/install/lab2task4:/home/ubuntu/ros2_ws/install/go_pupper_srv:/home/ubuntu/ros2_ws/install/mini_pupper_music:/home/ubuntu/ros2_ws/install/mini_pupper_dance:/home/ubuntu/ros2_ws/install/mini_pupper_driver:/opt/ros/humble /usr/bin/cmake /home/ubuntu/ros2_ws/src/champ/champ/champ_config -DCMAKE_INSTALL_PREFIX=/home/ubuntu/ros2_ws/install/champ_config
[14.574s] DEBUG:colcon.colcon_core.event_handler.log_command:Invoking command in '/home/ubuntu/ros2_ws/build/champ_config': CMAKE_PREFIX_PATH=${CMAKE_PREFIX_PATH}:/home/ubuntu/ros2_ws/install/lab2task4:/home/ubuntu/ros2_ws/install/go_pupper_srv:/home/ubuntu/ros2_ws/install/mini_pupper_music:/home/ubuntu/ros2_ws/install/mini_pupper_dance:/home/ubuntu/ros2_ws/install/mini_pupper_driver:/opt/ros/humble /usr/bin/cmake --build /home/ubuntu/ros2_ws/build/champ_config -- -j4 -l4
[14.826s] DEBUG:colcon.colcon_core.event_handler.log_command:Invoked command in '/home/ubuntu/ros2_ws/build/champ_config' returned '0': CMAKE_PREFIX_PATH=${CMAKE_PREFIX_PATH}:/home/ubuntu/ros2_ws/install/lab2task4:/home/ubuntu/ros2_ws/install/go_pupper_srv:/home/ubuntu/ros2_ws/install/mini_pupper_music:/home/ubuntu/ros2_ws/install/mini_pupper_dance:/home/ubuntu/ros2_ws/install/mini_pupper_driver:/opt/ros/humble /usr/bin/cmake --build /home/ubuntu/ros2_ws/build/champ_config -- -j4 -l4
[15.020s] DEBUG:colcon.colcon_core.event_handler.log_command:Invoking command in '/home/ubuntu/ros2_ws/build/champ_config': CMAKE_PREFIX_PATH=${CMAKE_PREFIX_PATH}:/home/ubuntu/ros2_ws/install/lab2task4:/home/ubuntu/ros2_ws/install/go_pupper_srv:/home/ubuntu/ros2_ws/install/mini_pupper_music:/home/ubuntu/ros2_ws/install/mini_pupper_dance:/home/ubuntu/ros2_ws/install/mini_pupper_driver:/opt/ros/humble /usr/bin/cmake --install /home/ubuntu/ros2_ws/build/champ_config
[15.320s] Level 1:colcon.colcon_core.environment:create_environment_scripts_only(champ_config)
[15.322s] Level 1:colcon.colcon_core.environment:checking '/home/ubuntu/ros2_ws/install/champ_config' for CMake module files
[15.326s] Level 1:colcon.colcon_core.environment:checking '/home/ubuntu/ros2_ws/install/champ_config' for CMake config files
[15.329s] DEBUG:colcon.colcon_core.event_handler.log_command:Invoked command in '/home/ubuntu/ros2_ws/build/champ_config' returned '0': CMAKE_PREFIX_PATH=${CMAKE_PREFIX_PATH}:/home/ubuntu/ros2_ws/install/lab2task4:/home/ubuntu/ros2_ws/install/go_pupper_srv:/home/ubuntu/ros2_ws/install/mini_pupper_music:/home/ubuntu/ros2_ws/install/mini_pupper_dance:/home/ubuntu/ros2_ws/install/mini_pupper_driver:/opt/ros/humble /usr/bin/cmake --install /home/ubuntu/ros2_ws/build/champ_config
[15.333s] Level 1:colcon.colcon_core.shell:create_environment_hook('champ_config', 'cmake_prefix_path')
[15.334s] INFO:colcon.colcon_core.shell:Creating environment hook '/home/ubuntu/ros2_ws/install/champ_config/share/champ_config/hook/cmake_prefix_path.ps1'
[15.337s] INFO:colcon.colcon_core.shell:Creating environment descriptor '/home/ubuntu/ros2_ws/install/champ_config/share/champ_config/hook/cmake_prefix_path.dsv'
[15.340s] INFO:colcon.colcon_core.shell:Creating environment hook '/home/ubuntu/ros2_ws/install/champ_config/share/champ_config/hook/cmake_prefix_path.sh'
[15.344s] Level 1:colcon.colcon_core.environment:checking '/home/ubuntu/ros2_ws/install/champ_config/bin'
[15.344s] Level 1:colcon.colcon_core.environment:checking '/home/ubuntu/ros2_ws/install/champ_config/lib/pkgconfig/champ_config.pc'
[15.346s] Level 1:colcon.colcon_core.environment:checking '/home/ubuntu/ros2_ws/install/champ_config/lib/python3.10/site-packages'
[15.347s] Level 1:colcon.colcon_core.environment:checking '/home/ubuntu/ros2_ws/install/champ_config/bin'
[15.351s] INFO:colcon.colcon_core.shell:Creating package script '/home/ubuntu/ros2_ws/install/champ_config/share/champ_config/package.ps1'
[15.354s] INFO:colcon.colcon_core.shell:Creating package descriptor '/home/ubuntu/ros2_ws/install/champ_config/share/champ_config/package.dsv'
[15.357s] INFO:colcon.colcon_core.shell:Creating package script '/home/ubuntu/ros2_ws/install/champ_config/share/champ_config/package.sh'
[15.360s] INFO:colcon.colcon_core.shell:Creating package script '/home/ubuntu/ros2_ws/install/champ_config/share/champ_config/package.bash'
[15.362s] INFO:colcon.colcon_core.shell:Creating package script '/home/ubuntu/ros2_ws/install/champ_config/share/champ_config/package.zsh'
[15.365s] Level 1:colcon.colcon_core.environment:create_file_with_runtime_dependencies(/home/ubuntu/ros2_ws/install/champ_config/share/colcon-core/packages/champ_config)
[15.561s] Level 1:colcon.colcon_core.environment:create_environment_scripts_only(champ_config)
[15.564s] Level 1:colcon.colcon_core.environment:checking '/home/ubuntu/ros2_ws/install/champ_config' for CMake module files
[15.569s] Level 1:colcon.colcon_core.environment:checking '/home/ubuntu/ros2_ws/install/champ_config' for CMake config files
[15.573s] Level 1:colcon.colcon_core.shell:create_environment_hook('champ_config', 'cmake_prefix_path')
[15.578s] INFO:colcon.colcon_core.shell:Creating environment hook '/home/ubuntu/ros2_ws/install/champ_config/share/champ_config/hook/cmake_prefix_path.ps1'
[15.585s] INFO:colcon.colcon_core.shell:Creating environment descriptor '/home/ubuntu/ros2_ws/install/champ_config/share/champ_config/hook/cmake_prefix_path.dsv'
[15.593s] INFO:colcon.colcon_core.shell:Creating environment hook '/home/ubuntu/ros2_ws/install/champ_config/share/champ_config/hook/cmake_prefix_path.sh'
[15.600s] Level 1:colcon.colcon_core.environment:checking '/home/ubuntu/ros2_ws/install/champ_config/bin'
[15.601s] Level 1:colcon.colcon_core.environment:checking '/home/ubuntu/ros2_ws/install/champ_config/lib/pkgconfig/champ_config.pc'
[15.604s] Level 1:colcon.colcon_core.environment:checking '/home/ubuntu/ros2_ws/install/champ_config/lib/python3.10/site-packages'
[15.607s] Level 1:colcon.colcon_core.environment:checking '/home/ubuntu/ros2_ws/install/champ_config/bin'
[15.612s] INFO:colcon.colcon_core.shell:Creating package script '/home/ubuntu/ros2_ws/install/champ_config/share/champ_config/package.ps1'
[15.621s] INFO:colcon.colcon_core.shell:Creating package descriptor '/home/ubuntu/ros2_ws/install/champ_config/share/champ_config/package.dsv'
[15.629s] INFO:colcon.colcon_core.shell:Creating package script '/home/ubuntu/ros2_ws/install/champ_config/share/champ_config/package.sh'
[15.635s] INFO:colcon.colcon_core.shell:Creating package script '/home/ubuntu/ros2_ws/install/champ_config/share/champ_config/package.bash'
[15.642s] INFO:colcon.colcon_core.shell:Creating package script '/home/ubuntu/ros2_ws/install/champ_config/share/champ_config/package.zsh'
[15.648s] Level 1:colcon.colcon_core.environment:create_file_with_runtime_dependencies(/home/ubuntu/ros2_ws/install/champ_config/share/colcon-core/packages/champ_config)
[15.652s] INFO:colcon.colcon_ros.task.ament_cmake.build:Building ROS package in '/home/ubuntu/ros2_ws/src/ldlidar_stl_ros' with build type 'ament_cmake'
[15.654s] INFO:colcon.colcon_cmake.task.cmake.build:Building CMake package in '/home/ubuntu/ros2_ws/src/ldlidar_stl_ros'
[15.658s] INFO:colcon.colcon_core.shell:Skip shell extension 'powershell' for command environment: Not usable outside of PowerShell
[15.659s] DEBUG:colcon.colcon_core.shell:Skip shell extension 'dsv' for command environment
[15.759s] DEBUG:colcon.colcon_core.event_handler.log_command:Invoking command in '/home/ubuntu/ros2_ws/build/ldlidar_stl_ros2': CMAKE_PREFIX_PATH=${CMAKE_PREFIX_PATH}:/home/ubuntu/ros2_ws/install/lab2task4:/home/ubuntu/ros2_ws/install/go_pupper_srv:/home/ubuntu/ros2_ws/install/mini_pupper_music:/home/ubuntu/ros2_ws/install/mini_pupper_dance:/home/ubuntu/ros2_ws/install/mini_pupper_driver:/opt/ros/humble /usr/bin/cmake /home/ubuntu/ros2_ws/src/ldlidar_stl_ros -DCMAKE_INSTALL_PREFIX=/home/ubuntu/ros2_ws/install/ldlidar_stl_ros2
[16.184s] DEBUG:colcon.colcon_core.event_handler.log_command:Invoked command in '/home/ubuntu/ros2_ws/build/champ_teleop' returned '0': CMAKE_PREFIX_PATH=${CMAKE_PREFIX_PATH}:/home/ubuntu/ros2_ws/install/lab2task4:/home/ubuntu/ros2_ws/install/go_pupper_srv:/home/ubuntu/ros2_ws/install/mini_pupper_music:/home/ubuntu/ros2_ws/install/mini_pupper_dance:/home/ubuntu/ros2_ws/install/mini_pupper_driver:/opt/ros/humble /usr/bin/cmake /home/ubuntu/ros2_ws/src/champ/champ_teleop -DCMAKE_INSTALL_PREFIX=/home/ubuntu/ros2_ws/install/champ_teleop
[16.186s] DEBUG:colcon.colcon_core.event_handler.log_command:Invoking command in '/home/ubuntu/ros2_ws/build/champ_teleop': CMAKE_PREFIX_PATH=${CMAKE_PREFIX_PATH}:/home/ubuntu/ros2_ws/install/lab2task4:/home/ubuntu/ros2_ws/install/go_pupper_srv:/home/ubuntu/ros2_ws/install/mini_pupper_music:/home/ubuntu/ros2_ws/install/mini_pupper_dance:/home/ubuntu/ros2_ws/install/mini_pupper_driver:/opt/ros/humble /usr/bin/cmake --build /home/ubuntu/ros2_ws/build/champ_teleop -- -j4 -l4
[16.532s] DEBUG:colcon.colcon_core.event_handler.log_command:Invoked command in '/home/ubuntu/ros2_ws/build/champ_teleop' returned '0': CMAKE_PREFIX_PATH=${CMAKE_PREFIX_PATH}:/home/ubuntu/ros2_ws/install/lab2task4:/home/ubuntu/ros2_ws/install/go_pupper_srv:/home/ubuntu/ros2_ws/install/mini_pupper_music:/home/ubuntu/ros2_ws/install/mini_pupper_dance:/home/ubuntu/ros2_ws/install/mini_pupper_driver:/opt/ros/humble /usr/bin/cmake --build /home/ubuntu/ros2_ws/build/champ_teleop -- -j4 -l4
[16.787s] DEBUG:colcon.colcon_core.event_handler.log_command:Invoking command in '/home/ubuntu/ros2_ws/build/champ_teleop': CMAKE_PREFIX_PATH=${CMAKE_PREFIX_PATH}:/home/ubuntu/ros2_ws/install/lab2task4:/home/ubuntu/ros2_ws/install/go_pupper_srv:/home/ubuntu/ros2_ws/install/mini_pupper_music:/home/ubuntu/ros2_ws/install/mini_pupper_dance:/home/ubuntu/ros2_ws/install/mini_pupper_driver:/opt/ros/humble /usr/bin/cmake --install /home/ubuntu/ros2_ws/build/champ_teleop
[17.059s] Level 1:colcon.colcon_core.environment:create_environment_scripts_only(champ_teleop)
[17.060s] Level 1:colcon.colcon_core.environment:checking '/home/ubuntu/ros2_ws/install/champ_teleop' for CMake module files
[17.064s] DEBUG:colcon.colcon_core.event_handler.log_command:Invoked command in '/home/ubuntu/ros2_ws/build/champ_teleop' returned '0': CMAKE_PREFIX_PATH=${CMAKE_PREFIX_PATH}:/home/ubuntu/ros2_ws/install/lab2task4:/home/ubuntu/ros2_ws/install/go_pupper_srv:/home/ubuntu/ros2_ws/install/mini_pupper_music:/home/ubuntu/ros2_ws/install/mini_pupper_dance:/home/ubuntu/ros2_ws/install/mini_pupper_driver:/opt/ros/humble /usr/bin/cmake --install /home/ubuntu/ros2_ws/build/champ_teleop
[17.068s] Level 1:colcon.colcon_core.environment:checking '/home/ubuntu/ros2_ws/install/champ_teleop' for CMake config files
[17.086s] Level 1:colcon.colcon_core.shell:create_environment_hook('champ_teleop', 'cmake_prefix_path')
[17.088s] INFO:colcon.colcon_core.shell:Creating environment hook '/home/ubuntu/ros2_ws/install/champ_teleop/share/champ_teleop/hook/cmake_prefix_path.ps1'
[17.092s] INFO:colcon.colcon_core.shell:Creating environment descriptor '/home/ubuntu/ros2_ws/install/champ_teleop/share/champ_teleop/hook/cmake_prefix_path.dsv'
[17.096s] INFO:colcon.colcon_core.shell:Creating environment hook '/home/ubuntu/ros2_ws/install/champ_teleop/share/champ_teleop/hook/cmake_prefix_path.sh'
[17.100s] Level 1:colcon.colcon_core.environment:checking '/home/ubuntu/ros2_ws/install/champ_teleop/lib'
[17.101s] Level 1:colcon.colcon_core.environment:checking '/home/ubuntu/ros2_ws/install/champ_teleop/bin'
[17.101s] Level 1:colcon.colcon_core.environment:checking '/home/ubuntu/ros2_ws/install/champ_teleop/lib/pkgconfig/champ_teleop.pc'
[17.103s] Level 1:colcon.colcon_core.environment:checking '/home/ubuntu/ros2_ws/install/champ_teleop/lib/python3.10/site-packages'
[17.106s] Level 1:colcon.colcon_core.environment:checking '/home/ubuntu/ros2_ws/install/champ_teleop/bin'
[17.108s] INFO:colcon.colcon_core.shell:Creating package script '/home/ubuntu/ros2_ws/install/champ_teleop/share/champ_teleop/package.ps1'
[17.112s] INFO:colcon.colcon_core.shell:Creating package descriptor '/home/ubuntu/ros2_ws/install/champ_teleop/share/champ_teleop/package.dsv'
[17.114s] INFO:colcon.colcon_core.shell:Creating package script '/home/ubuntu/ros2_ws/install/champ_teleop/share/champ_teleop/package.sh'
[17.118s] INFO:colcon.colcon_core.shell:Creating package script '/home/ubuntu/ros2_ws/install/champ_teleop/share/champ_teleop/package.bash'
[17.120s] INFO:colcon.colcon_core.shell:Creating package script '/home/ubuntu/ros2_ws/install/champ_teleop/share/champ_teleop/package.zsh'
[17.122s] Level 1:colcon.colcon_core.environment:create_file_with_runtime_dependencies(/home/ubuntu/ros2_ws/install/champ_teleop/share/colcon-core/packages/champ_teleop)
[17.358s] Level 1:colcon.colcon_core.environment:create_environment_scripts_only(champ_teleop)
[17.360s] Level 1:colcon.colcon_core.environment:checking '/home/ubuntu/ros2_ws/install/champ_teleop' for CMake module files
[17.364s] Level 1:colcon.colcon_core.environment:checking '/home/ubuntu/ros2_ws/install/champ_teleop' for CMake config files
[17.368s] Level 1:colcon.colcon_core.shell:create_environment_hook('champ_teleop', 'cmake_prefix_path')
[17.370s] INFO:colcon.colcon_core.shell:Creating environment hook '/home/ubuntu/ros2_ws/install/champ_teleop/share/champ_teleop/hook/cmake_prefix_path.ps1'
[17.373s] INFO:colcon.colcon_core.shell:Creating environment descriptor '/home/ubuntu/ros2_ws/install/champ_teleop/share/champ_teleop/hook/cmake_prefix_path.dsv'
[17.376s] INFO:colcon.colcon_core.shell:Creating environment hook '/home/ubuntu/ros2_ws/install/champ_teleop/share/champ_teleop/hook/cmake_prefix_path.sh'
[17.381s] Level 1:colcon.colcon_core.environment:checking '/home/ubuntu/ros2_ws/install/champ_teleop/lib'
[17.382s] Level 1:colcon.colcon_core.environment:checking '/home/ubuntu/ros2_ws/install/champ_teleop/bin'
[17.383s] Level 1:colcon.colcon_core.environment:checking '/home/ubuntu/ros2_ws/install/champ_teleop/lib/pkgconfig/champ_teleop.pc'
[17.384s] Level 1:colcon.colcon_core.environment:checking '/home/ubuntu/ros2_ws/install/champ_teleop/lib/python3.10/site-packages'
[17.386s] Level 1:colcon.colcon_core.environment:checking '/home/ubuntu/ros2_ws/install/champ_teleop/bin'
[17.388s] INFO:colcon.colcon_core.shell:Creating package script '/home/ubuntu/ros2_ws/install/champ_teleop/share/champ_teleop/package.ps1'
[17.392s] INFO:colcon.colcon_core.shell:Creating package descriptor '/home/ubuntu/ros2_ws/install/champ_teleop/share/champ_teleop/package.dsv'
[17.395s] INFO:colcon.colcon_core.shell:Creating package script '/home/ubuntu/ros2_ws/install/champ_teleop/share/champ_teleop/package.sh'
[17.397s] INFO:colcon.colcon_core.shell:Creating package script '/home/ubuntu/ros2_ws/install/champ_teleop/share/champ_teleop/package.bash'
[17.400s] INFO:colcon.colcon_core.shell:Creating package script '/home/ubuntu/ros2_ws/install/champ_teleop/share/champ_teleop/package.zsh'
[17.403s] Level 1:colcon.colcon_core.environment:create_file_with_runtime_dependencies(/home/ubuntu/ros2_ws/install/champ_teleop/share/colcon-core/packages/champ_teleop)
[17.410s] INFO:colcon.colcon_ros.task.ament_cmake.build:Building ROS package in '/home/ubuntu/ros2_ws/src/mini_pupper_ros/mini_pupper_2_description' with build type 'ament_cmake'
[17.412s] INFO:colcon.colcon_cmake.task.cmake.build:Building CMake package in '/home/ubuntu/ros2_ws/src/mini_pupper_ros/mini_pupper_2_description'
[17.415s] INFO:colcon.colcon_core.shell:Skip shell extension 'powershell' for command environment: Not usable outside of PowerShell
[17.415s] DEBUG:colcon.colcon_core.shell:Skip shell extension 'dsv' for command environment
[17.514s] DEBUG:colcon.colcon_core.event_handler.log_command:Invoking command in '/home/ubuntu/ros2_ws/build/mini_pupper_2_description': CMAKE_PREFIX_PATH=${CMAKE_PREFIX_PATH}:/home/ubuntu/ros2_ws/install/lab2task4:/home/ubuntu/ros2_ws/install/go_pupper_srv:/home/ubuntu/ros2_ws/install/mini_pupper_music:/home/ubuntu/ros2_ws/install/mini_pupper_dance:/home/ubuntu/ros2_ws/install/mini_pupper_driver:/opt/ros/humble /usr/bin/cmake /home/ubuntu/ros2_ws/src/mini_pupper_ros/mini_pupper_2_description -DCMAKE_INSTALL_PREFIX=/home/ubuntu/ros2_ws/install/mini_pupper_2_description
[19.908s] DEBUG:colcon.colcon_core.event_handler.log_command:Invoked command in '/home/ubuntu/ros2_ws/build/champ_msgs' returned '0': CMAKE_PREFIX_PATH=${CMAKE_PREFIX_PATH}:/home/ubuntu/ros2_ws/install/lab2task4:/home/ubuntu/ros2_ws/install/go_pupper_srv:/home/ubuntu/ros2_ws/install/mini_pupper_music:/home/ubuntu/ros2_ws/install/mini_pupper_dance:/home/ubuntu/ros2_ws/install/mini_pupper_driver:/opt/ros/humble /usr/bin/cmake /home/ubuntu/ros2_ws/src/champ/champ/champ_msgs -DCMAKE_INSTALL_PREFIX=/home/ubuntu/ros2_ws/install/champ_msgs
[19.914s] DEBUG:colcon.colcon_core.event_handler.log_command:Invoking command in '/home/ubuntu/ros2_ws/build/champ_msgs': CMAKE_PREFIX_PATH=${CMAKE_PREFIX_PATH}:/home/ubuntu/ros2_ws/install/lab2task4:/home/ubuntu/ros2_ws/install/go_pupper_srv:/home/ubuntu/ros2_ws/install/mini_pupper_music:/home/ubuntu/ros2_ws/install/mini_pupper_dance:/home/ubuntu/ros2_ws/install/mini_pupper_driver:/opt/ros/humble /usr/bin/cmake --build /home/ubuntu/ros2_ws/build/champ_msgs -- -j4 -l4
[20.420s] DEBUG:colcon.colcon_core.event_handler.log_command:Invoked command in '/home/ubuntu/ros2_ws/build/mini_pupper_2_description' returned '0': CMAKE_PREFIX_PATH=${CMAKE_PREFIX_PATH}:/home/ubuntu/ros2_ws/install/lab2task4:/home/ubuntu/ros2_ws/install/go_pupper_srv:/home/ubuntu/ros2_ws/install/mini_pupper_music:/home/ubuntu/ros2_ws/install/mini_pupper_dance:/home/ubuntu/ros2_ws/install/mini_pupper_driver:/opt/ros/humble /usr/bin/cmake /home/ubuntu/ros2_ws/src/mini_pupper_ros/mini_pupper_2_description -DCMAKE_INSTALL_PREFIX=/home/ubuntu/ros2_ws/install/mini_pupper_2_description
[20.422s] DEBUG:colcon.colcon_core.event_handler.log_command:Invoking command in '/home/ubuntu/ros2_ws/build/mini_pupper_2_description': CMAKE_PREFIX_PATH=${CMAKE_PREFIX_PATH}:/home/ubuntu/ros2_ws/install/lab2task4:/home/ubuntu/ros2_ws/install/go_pupper_srv:/home/ubuntu/ros2_ws/install/mini_pupper_music:/home/ubuntu/ros2_ws/install/mini_pupper_dance:/home/ubuntu/ros2_ws/install/mini_pupper_driver:/opt/ros/humble /usr/bin/cmake --build /home/ubuntu/ros2_ws/build/mini_pupper_2_description -- -j4 -l4
[21.017s] DEBUG:colcon.colcon_core.event_handler.log_command:Invoked command in '/home/ubuntu/ros2_ws/build/mini_pupper_2_description' returned '0': CMAKE_PREFIX_PATH=${CMAKE_PREFIX_PATH}:/home/ubuntu/ros2_ws/install/lab2task4:/home/ubuntu/ros2_ws/install/go_pupper_srv:/home/ubuntu/ros2_ws/install/mini_pupper_music:/home/ubuntu/ros2_ws/install/mini_pupper_dance:/home/ubuntu/ros2_ws/install/mini_pupper_driver:/opt/ros/humble /usr/bin/cmake --build /home/ubuntu/ros2_ws/build/mini_pupper_2_description -- -j4 -l4
[21.494s] DEBUG:colcon.colcon_core.event_handler.log_command:Invoking command in '/home/ubuntu/ros2_ws/build/mini_pupper_2_description': CMAKE_PREFIX_PATH=${CMAKE_PREFIX_PATH}:/home/ubuntu/ros2_ws/install/lab2task4:/home/ubuntu/ros2_ws/install/go_pupper_srv:/home/ubuntu/ros2_ws/install/mini_pupper_music:/home/ubuntu/ros2_ws/install/mini_pupper_dance:/home/ubuntu/ros2_ws/install/mini_pupper_driver:/opt/ros/humble /usr/bin/cmake --install /home/ubuntu/ros2_ws/build/mini_pupper_2_description
[21.818s] Level 1:colcon.colcon_core.environment:create_environment_scripts_only(mini_pupper_2_description)
[21.820s] Level 1:colcon.colcon_core.environment:checking '/home/ubuntu/ros2_ws/install/mini_pupper_2_description' for CMake module files
[21.825s] DEBUG:colcon.colcon_core.event_handler.log_command:Invoked command in '/home/ubuntu/ros2_ws/build/mini_pupper_2_description' returned '0': CMAKE_PREFIX_PATH=${CMAKE_PREFIX_PATH}:/home/ubuntu/ros2_ws/install/lab2task4:/home/ubuntu/ros2_ws/install/go_pupper_srv:/home/ubuntu/ros2_ws/install/mini_pupper_music:/home/ubuntu/ros2_ws/install/mini_pupper_dance:/home/ubuntu/ros2_ws/install/mini_pupper_driver:/opt/ros/humble /usr/bin/cmake --install /home/ubuntu/ros2_ws/build/mini_pupper_2_description
[21.828s] Level 1:colcon.colcon_core.environment:checking '/home/ubuntu/ros2_ws/install/mini_pupper_2_description' for CMake config files
[21.838s] Level 1:colcon.colcon_core.shell:create_environment_hook('mini_pupper_2_description', 'cmake_prefix_path')
[21.839s] INFO:colcon.colcon_core.shell:Creating environment hook '/home/ubuntu/ros2_ws/install/mini_pupper_2_description/share/mini_pupper_2_description/hook/cmake_prefix_path.ps1'
[21.846s] INFO:colcon.colcon_core.shell:Creating environment descriptor '/home/ubuntu/ros2_ws/install/mini_pupper_2_description/share/mini_pupper_2_description/hook/cmake_prefix_path.dsv'
[21.849s] INFO:colcon.colcon_core.shell:Creating environment hook '/home/ubuntu/ros2_ws/install/mini_pupper_2_description/share/mini_pupper_2_description/hook/cmake_prefix_path.sh'
[21.858s] Level 1:colcon.colcon_core.environment:checking '/home/ubuntu/ros2_ws/install/mini_pupper_2_description/bin'
[21.859s] Level 1:colcon.colcon_core.environment:checking '/home/ubuntu/ros2_ws/install/mini_pupper_2_description/lib/pkgconfig/mini_pupper_2_description.pc'
[21.861s] Level 1:colcon.colcon_core.environment:checking '/home/ubuntu/ros2_ws/install/mini_pupper_2_description/lib/python3.10/site-packages'
[21.862s] Level 1:colcon.colcon_core.environment:checking '/home/ubuntu/ros2_ws/install/mini_pupper_2_description/bin'
[21.864s] INFO:colcon.colcon_core.shell:Creating package script '/home/ubuntu/ros2_ws/install/mini_pupper_2_description/share/mini_pupper_2_description/package.ps1'
[21.870s] INFO:colcon.colcon_core.shell:Creating package descriptor '/home/ubuntu/ros2_ws/install/mini_pupper_2_description/share/mini_pupper_2_description/package.dsv'
[21.873s] INFO:colcon.colcon_core.shell:Creating package script '/home/ubuntu/ros2_ws/install/mini_pupper_2_description/share/mini_pupper_2_description/package.sh'
[21.876s] INFO:colcon.colcon_core.shell:Creating package script '/home/ubuntu/ros2_ws/install/mini_pupper_2_description/share/mini_pupper_2_description/package.bash'
[21.878s] INFO:colcon.colcon_core.shell:Creating package script '/home/ubuntu/ros2_ws/install/mini_pupper_2_description/share/mini_pupper_2_description/package.zsh'
[21.881s] Level 1:colcon.colcon_core.environment:create_file_with_runtime_dependencies(/home/ubuntu/ros2_ws/install/mini_pupper_2_description/share/colcon-core/packages/mini_pupper_2_description)
[22.146s] Level 1:colcon.colcon_core.environment:create_environment_scripts_only(mini_pupper_2_description)
[22.148s] Level 1:colcon.colcon_core.environment:checking '/home/ubuntu/ros2_ws/install/mini_pupper_2_description' for CMake module files
[22.152s] Level 1:colcon.colcon_core.environment:checking '/home/ubuntu/ros2_ws/install/mini_pupper_2_description' for CMake config files
[22.187s] Level 1:colcon.colcon_core.shell:create_environment_hook('mini_pupper_2_description', 'cmake_prefix_path')
[22.189s] INFO:colcon.colcon_core.shell:Creating environment hook '/home/ubuntu/ros2_ws/install/mini_pupper_2_description/share/mini_pupper_2_description/hook/cmake_prefix_path.ps1'
[22.191s] INFO:colcon.colcon_core.shell:Creating environment descriptor '/home/ubuntu/ros2_ws/install/mini_pupper_2_description/share/mini_pupper_2_description/hook/cmake_prefix_path.dsv'
[22.194s] INFO:colcon.colcon_core.shell:Creating environment hook '/home/ubuntu/ros2_ws/install/mini_pupper_2_description/share/mini_pupper_2_description/hook/cmake_prefix_path.sh'
[22.197s] Level 1:colcon.colcon_core.environment:checking '/home/ubuntu/ros2_ws/install/mini_pupper_2_description/bin'
[22.198s] Level 1:colcon.colcon_core.environment:checking '/home/ubuntu/ros2_ws/install/mini_pupper_2_description/lib/pkgconfig/mini_pupper_2_description.pc'
[22.200s] Level 1:colcon.colcon_core.environment:checking '/home/ubuntu/ros2_ws/install/mini_pupper_2_description/lib/python3.10/site-packages'
[22.201s] Level 1:colcon.colcon_core.environment:checking '/home/ubuntu/ros2_ws/install/mini_pupper_2_description/bin'
[22.203s] INFO:colcon.colcon_core.shell:Creating package script '/home/ubuntu/ros2_ws/install/mini_pupper_2_description/share/mini_pupper_2_description/package.ps1'
[22.206s] INFO:colcon.colcon_core.shell:Creating package descriptor '/home/ubuntu/ros2_ws/install/mini_pupper_2_description/share/mini_pupper_2_description/package.dsv'
[22.209s] INFO:colcon.colcon_core.shell:Creating package script '/home/ubuntu/ros2_ws/install/mini_pupper_2_description/share/mini_pupper_2_description/package.sh'
[22.212s] INFO:colcon.colcon_core.shell:Creating package script '/home/ubuntu/ros2_ws/install/mini_pupper_2_description/share/mini_pupper_2_description/package.bash'
[22.215s] INFO:colcon.colcon_core.shell:Creating package script '/home/ubuntu/ros2_ws/install/mini_pupper_2_description/share/mini_pupper_2_description/package.zsh'
[22.218s] Level 1:colcon.colcon_core.environment:create_file_with_runtime_dependencies(/home/ubuntu/ros2_ws/install/mini_pupper_2_description/share/colcon-core/packages/mini_pupper_2_description)
[22.223s] INFO:colcon.colcon_ros.task.ament_cmake.build:Building ROS package in '/home/ubuntu/ros2_ws/src/mini_pupper_ros/mini_pupper_description' with build type 'ament_cmake'
[22.224s] INFO:colcon.colcon_cmake.task.cmake.build:Building CMake package in '/home/ubuntu/ros2_ws/src/mini_pupper_ros/mini_pupper_description'
[22.225s] INFO:colcon.colcon_core.shell:Skip shell extension 'powershell' for command environment: Not usable outside of PowerShell
[22.226s] DEBUG:colcon.colcon_core.shell:Skip shell extension 'dsv' for command environment
[22.400s] DEBUG:colcon.colcon_core.event_handler.log_command:Invoking command in '/home/ubuntu/ros2_ws/build/mini_pupper_description': CMAKE_PREFIX_PATH=${CMAKE_PREFIX_PATH}:/home/ubuntu/ros2_ws/install/lab2task4:/home/ubuntu/ros2_ws/install/go_pupper_srv:/home/ubuntu/ros2_ws/install/mini_pupper_music:/home/ubuntu/ros2_ws/install/mini_pupper_dance:/home/ubuntu/ros2_ws/install/mini_pupper_driver:/opt/ros/humble /usr/bin/cmake /home/ubuntu/ros2_ws/src/mini_pupper_ros/mini_pupper_description -DCMAKE_INSTALL_PREFIX=/home/ubuntu/ros2_ws/install/mini_pupper_description
[23.245s] DEBUG:colcon.colcon_core.event_handler.log_command:Invoked command in '/home/ubuntu/ros2_ws/build/mini_pupper_interfaces' returned '0': CMAKE_PREFIX_PATH=${CMAKE_PREFIX_PATH}:/home/ubuntu/ros2_ws/install/lab2task4:/home/ubuntu/ros2_ws/install/go_pupper_srv:/home/ubuntu/ros2_ws/install/mini_pupper_music:/home/ubuntu/ros2_ws/install/mini_pupper_dance:/home/ubuntu/ros2_ws/install/mini_pupper_driver:/opt/ros/humble /usr/bin/cmake /home/ubuntu/ros2_ws/src/mini_pupper_ros/mini_pupper_interfaces -DCMAKE_INSTALL_PREFIX=/home/ubuntu/ros2_ws/install/mini_pupper_interfaces
[23.248s] DEBUG:colcon.colcon_core.event_handler.log_command:Invoking command in '/home/ubuntu/ros2_ws/build/mini_pupper_interfaces': CMAKE_PREFIX_PATH=${CMAKE_PREFIX_PATH}:/home/ubuntu/ros2_ws/install/lab2task4:/home/ubuntu/ros2_ws/install/go_pupper_srv:/home/ubuntu/ros2_ws/install/mini_pupper_music:/home/ubuntu/ros2_ws/install/mini_pupper_dance:/home/ubuntu/ros2_ws/install/mini_pupper_driver:/opt/ros/humble /usr/bin/cmake --build /home/ubuntu/ros2_ws/build/mini_pupper_interfaces -- -j4 -l4
[24.960s] DEBUG:colcon.colcon_core.event_handler.log_command:Invoked command in '/home/ubuntu/ros2_ws/build/ldlidar_stl_ros2' returned '0': CMAKE_PREFIX_PATH=${CMAKE_PREFIX_PATH}:/home/ubuntu/ros2_ws/install/lab2task4:/home/ubuntu/ros2_ws/install/go_pupper_srv:/home/ubuntu/ros2_ws/install/mini_pupper_music:/home/ubuntu/ros2_ws/install/mini_pupper_dance:/home/ubuntu/ros2_ws/install/mini_pupper_driver:/opt/ros/humble /usr/bin/cmake /home/ubuntu/ros2_ws/src/ldlidar_stl_ros -DCMAKE_INSTALL_PREFIX=/home/ubuntu/ros2_ws/install/ldlidar_stl_ros2
[24.965s] DEBUG:colcon.colcon_core.event_handler.log_command:Invoking command in '/home/ubuntu/ros2_ws/build/ldlidar_stl_ros2': CMAKE_PREFIX_PATH=${CMAKE_PREFIX_PATH}:/home/ubuntu/ros2_ws/install/lab2task4:/home/ubuntu/ros2_ws/install/go_pupper_srv:/home/ubuntu/ros2_ws/install/mini_pupper_music:/home/ubuntu/ros2_ws/install/mini_pupper_dance:/home/ubuntu/ros2_ws/install/mini_pupper_driver:/opt/ros/humble /usr/bin/cmake --build /home/ubuntu/ros2_ws/build/ldlidar_stl_ros2 -- -j4 -l4
[25.245s] DEBUG:colcon.colcon_core.event_handler.log_command:Invoked command in '/home/ubuntu/ros2_ws/build/champ_msgs' returned '0': CMAKE_PREFIX_PATH=${CMAKE_PREFIX_PATH}:/home/ubuntu/ros2_ws/install/lab2task4:/home/ubuntu/ros2_ws/install/go_pupper_srv:/home/ubuntu/ros2_ws/install/mini_pupper_music:/home/ubuntu/ros2_ws/install/mini_pupper_dance:/home/ubuntu/ros2_ws/install/mini_pupper_driver:/opt/ros/humble /usr/bin/cmake --build /home/ubuntu/ros2_ws/build/champ_msgs -- -j4 -l4
[25.744s] DEBUG:colcon.colcon_core.event_handler.log_command:Invoked command in '/home/ubuntu/ros2_ws/build/mini_pupper_description' returned '0': CMAKE_PREFIX_PATH=${CMAKE_PREFIX_PATH}:/home/ubuntu/ros2_ws/install/lab2task4:/home/ubuntu/ros2_ws/install/go_pupper_srv:/home/ubuntu/ros2_ws/install/mini_pupper_music:/home/ubuntu/ros2_ws/install/mini_pupper_dance:/home/ubuntu/ros2_ws/install/mini_pupper_driver:/opt/ros/humble /usr/bin/cmake /home/ubuntu/ros2_ws/src/mini_pupper_ros/mini_pupper_description -DCMAKE_INSTALL_PREFIX=/home/ubuntu/ros2_ws/install/mini_pupper_description
[25.754s] DEBUG:colcon.colcon_core.event_handler.log_command:Invoking command in '/home/ubuntu/ros2_ws/build/mini_pupper_description': CMAKE_PREFIX_PATH=${CMAKE_PREFIX_PATH}:/home/ubuntu/ros2_ws/install/lab2task4:/home/ubuntu/ros2_ws/install/go_pupper_srv:/home/ubuntu/ros2_ws/install/mini_pupper_music:/home/ubuntu/ros2_ws/install/mini_pupper_dance:/home/ubuntu/ros2_ws/install/mini_pupper_driver:/opt/ros/humble /usr/bin/cmake --build /home/ubuntu/ros2_ws/build/mini_pupper_description -- -j4 -l4
[25.792s] DEBUG:colcon.colcon_core.event_handler.log_command:Invoked command in '/home/ubuntu/ros2_ws/build/ldlidar_stl_ros2' returned '0': CMAKE_PREFIX_PATH=${CMAKE_PREFIX_PATH}:/home/ubuntu/ros2_ws/install/lab2task4:/home/ubuntu/ros2_ws/install/go_pupper_srv:/home/ubuntu/ros2_ws/install/mini_pupper_music:/home/ubuntu/ros2_ws/install/mini_pupper_dance:/home/ubuntu/ros2_ws/install/mini_pupper_driver:/opt/ros/humble /usr/bin/cmake --build /home/ubuntu/ros2_ws/build/ldlidar_stl_ros2 -- -j4 -l4
[26.197s] DEBUG:colcon.colcon_core.event_handler.log_command:Invoked command in '/home/ubuntu/ros2_ws/build/mini_pupper_description' returned '0': CMAKE_PREFIX_PATH=${CMAKE_PREFIX_PATH}:/home/ubuntu/ros2_ws/install/lab2task4:/home/ubuntu/ros2_ws/install/go_pupper_srv:/home/ubuntu/ros2_ws/install/mini_pupper_music:/home/ubuntu/ros2_ws/install/mini_pupper_dance:/home/ubuntu/ros2_ws/install/mini_pupper_driver:/opt/ros/humble /usr/bin/cmake --build /home/ubuntu/ros2_ws/build/mini_pupper_description -- -j4 -l4
[26.497s] DEBUG:colcon.colcon_core.event_handler.log_command:Invoking command in '/home/ubuntu/ros2_ws/build/ldlidar_stl_ros2': CMAKE_PREFIX_PATH=${CMAKE_PREFIX_PATH}:/home/ubuntu/ros2_ws/install/lab2task4:/home/ubuntu/ros2_ws/install/go_pupper_srv:/home/ubuntu/ros2_ws/install/mini_pupper_music:/home/ubuntu/ros2_ws/install/mini_pupper_dance:/home/ubuntu/ros2_ws/install/mini_pupper_driver:/opt/ros/humble /usr/bin/cmake --install /home/ubuntu/ros2_ws/build/ldlidar_stl_ros2
[26.525s] DEBUG:colcon.colcon_core.event_handler.log_command:Invoking command in '/home/ubuntu/ros2_ws/build/mini_pupper_description': CMAKE_PREFIX_PATH=${CMAKE_PREFIX_PATH}:/home/ubuntu/ros2_ws/install/lab2task4:/home/ubuntu/ros2_ws/install/go_pupper_srv:/home/ubuntu/ros2_ws/install/mini_pupper_music:/home/ubuntu/ros2_ws/install/mini_pupper_dance:/home/ubuntu/ros2_ws/install/mini_pupper_driver:/opt/ros/humble /usr/bin/cmake --install /home/ubuntu/ros2_ws/build/mini_pupper_description
[26.857s] Level 1:colcon.colcon_core.environment:create_environment_scripts_only(ldlidar_stl_ros2)
[26.859s] Level 1:colcon.colcon_core.environment:checking '/home/ubuntu/ros2_ws/install/ldlidar_stl_ros2' for CMake module files
[26.863s] Level 1:colcon.colcon_core.environment:checking '/home/ubuntu/ros2_ws/install/ldlidar_stl_ros2' for CMake config files
[26.867s] DEBUG:colcon.colcon_core.event_handler.log_command:Invoked command in '/home/ubuntu/ros2_ws/build/ldlidar_stl_ros2' returned '0': CMAKE_PREFIX_PATH=${CMAKE_PREFIX_PATH}:/home/ubuntu/ros2_ws/install/lab2task4:/home/ubuntu/ros2_ws/install/go_pupper_srv:/home/ubuntu/ros2_ws/install/mini_pupper_music:/home/ubuntu/ros2_ws/install/mini_pupper_dance:/home/ubuntu/ros2_ws/install/mini_pupper_driver:/opt/ros/humble /usr/bin/cmake --install /home/ubuntu/ros2_ws/build/ldlidar_stl_ros2
[26.876s] Level 1:colcon.colcon_core.shell:create_environment_hook('ldlidar_stl_ros2', 'cmake_prefix_path')
[26.878s] INFO:colcon.colcon_core.shell:Creating environment hook '/home/ubuntu/ros2_ws/install/ldlidar_stl_ros2/share/ldlidar_stl_ros2/hook/cmake_prefix_path.ps1'
[26.886s] INFO:colcon.colcon_core.shell:Creating environment descriptor '/home/ubuntu/ros2_ws/install/ldlidar_stl_ros2/share/ldlidar_stl_ros2/hook/cmake_prefix_path.dsv'
[26.890s] INFO:colcon.colcon_core.shell:Creating environment hook '/home/ubuntu/ros2_ws/install/ldlidar_stl_ros2/share/ldlidar_stl_ros2/hook/cmake_prefix_path.sh'
[26.926s] Level 1:colcon.colcon_core.environment:checking '/home/ubuntu/ros2_ws/install/ldlidar_stl_ros2/lib'
[26.927s] Level 1:colcon.colcon_core.environment:checking '/home/ubuntu/ros2_ws/install/ldlidar_stl_ros2/bin'
[26.930s] Level 1:colcon.colcon_core.environment:checking '/home/ubuntu/ros2_ws/install/ldlidar_stl_ros2/lib/pkgconfig/ldlidar_stl_ros2.pc'
[26.933s] Level 1:colcon.colcon_core.environment:checking '/home/ubuntu/ros2_ws/install/ldlidar_stl_ros2/lib/python3.10/site-packages'
[26.940s] Level 1:colcon.colcon_core.environment:checking '/home/ubuntu/ros2_ws/install/ldlidar_stl_ros2/bin'
[26.944s] INFO:colcon.colcon_core.shell:Creating package script '/home/ubuntu/ros2_ws/install/ldlidar_stl_ros2/share/ldlidar_stl_ros2/package.ps1'
[26.950s] INFO:colcon.colcon_core.shell:Creating package descriptor '/home/ubuntu/ros2_ws/install/ldlidar_stl_ros2/share/ldlidar_stl_ros2/package.dsv'
[26.957s] INFO:colcon.colcon_core.shell:Creating package script '/home/ubuntu/ros2_ws/install/ldlidar_stl_ros2/share/ldlidar_stl_ros2/package.sh'
[26.961s] INFO:colcon.colcon_core.shell:Creating package script '/home/ubuntu/ros2_ws/install/ldlidar_stl_ros2/share/ldlidar_stl_ros2/package.bash'
[26.969s] INFO:colcon.colcon_core.shell:Creating package script '/home/ubuntu/ros2_ws/install/ldlidar_stl_ros2/share/ldlidar_stl_ros2/package.zsh'
[26.971s] Level 1:colcon.colcon_core.environment:create_file_with_runtime_dependencies(/home/ubuntu/ros2_ws/install/ldlidar_stl_ros2/share/colcon-core/packages/ldlidar_stl_ros2)
[27.074s] Level 1:colcon.colcon_core.environment:create_environment_scripts_only(mini_pupper_description)
[27.076s] Level 1:colcon.colcon_core.environment:checking '/home/ubuntu/ros2_ws/install/mini_pupper_description' for CMake module files
[27.081s] Level 1:colcon.colcon_core.environment:checking '/home/ubuntu/ros2_ws/install/mini_pupper_description' for CMake config files
[27.077s] DEBUG:colcon.colcon_core.event_handler.log_command:Invoked command in '/home/ubuntu/ros2_ws/build/mini_pupper_description' returned '0': CMAKE_PREFIX_PATH=${CMAKE_PREFIX_PATH}:/home/ubuntu/ros2_ws/install/lab2task4:/home/ubuntu/ros2_ws/install/go_pupper_srv:/home/ubuntu/ros2_ws/install/mini_pupper_music:/home/ubuntu/ros2_ws/install/mini_pupper_dance:/home/ubuntu/ros2_ws/install/mini_pupper_driver:/opt/ros/humble /usr/bin/cmake --install /home/ubuntu/ros2_ws/build/mini_pupper_description
[27.090s] Level 1:colcon.colcon_core.shell:create_environment_hook('mini_pupper_description', 'cmake_prefix_path')
[27.093s] INFO:colcon.colcon_core.shell:Creating environment hook '/home/ubuntu/ros2_ws/install/mini_pupper_description/share/mini_pupper_description/hook/cmake_prefix_path.ps1'
[27.133s] INFO:colcon.colcon_core.shell:Creating environment descriptor '/home/ubuntu/ros2_ws/install/mini_pupper_description/share/mini_pupper_description/hook/cmake_prefix_path.dsv'
[27.136s] INFO:colcon.colcon_core.shell:Creating environment hook '/home/ubuntu/ros2_ws/install/mini_pupper_description/share/mini_pupper_description/hook/cmake_prefix_path.sh'
[27.139s] Level 1:colcon.colcon_core.environment:checking '/home/ubuntu/ros2_ws/install/mini_pupper_description/bin'
[27.139s] Level 1:colcon.colcon_core.environment:checking '/home/ubuntu/ros2_ws/install/mini_pupper_description/lib/pkgconfig/mini_pupper_description.pc'
[27.141s] Level 1:colcon.colcon_core.environment:checking '/home/ubuntu/ros2_ws/install/mini_pupper_description/lib/python3.10/site-packages'
[27.142s] Level 1:colcon.colcon_core.environment:checking '/home/ubuntu/ros2_ws/install/mini_pupper_description/bin'
[27.144s] INFO:colcon.colcon_core.shell:Creating package script '/home/ubuntu/ros2_ws/install/mini_pupper_description/share/mini_pupper_description/package.ps1'
[27.147s] INFO:colcon.colcon_core.shell:Creating package descriptor '/home/ubuntu/ros2_ws/install/mini_pupper_description/share/mini_pupper_description/package.dsv'
[27.149s] INFO:colcon.colcon_core.shell:Creating package script '/home/ubuntu/ros2_ws/install/mini_pupper_description/share/mini_pupper_description/package.sh'
[27.152s] INFO:colcon.colcon_core.shell:Creating package script '/home/ubuntu/ros2_ws/install/mini_pupper_description/share/mini_pupper_description/package.bash'
[27.154s] INFO:colcon.colcon_core.shell:Creating package script '/home/ubuntu/ros2_ws/install/mini_pupper_description/share/mini_pupper_description/package.zsh'
[27.157s] Level 1:colcon.colcon_core.environment:create_file_with_runtime_dependencies(/home/ubuntu/ros2_ws/install/mini_pupper_description/share/colcon-core/packages/mini_pupper_description)
[27.384s] Level 1:colcon.colcon_core.environment:create_environment_scripts_only(ldlidar_stl_ros2)
[27.385s] Level 1:colcon.colcon_core.environment:checking '/home/ubuntu/ros2_ws/install/ldlidar_stl_ros2' for CMake module files
[27.389s] Level 1:colcon.colcon_core.environment:checking '/home/ubuntu/ros2_ws/install/ldlidar_stl_ros2' for CMake config files
[27.393s] Level 1:colcon.colcon_core.shell:create_environment_hook('ldlidar_stl_ros2', 'cmake_prefix_path')
[27.394s] INFO:colcon.colcon_core.shell:Creating environment hook '/home/ubuntu/ros2_ws/install/ldlidar_stl_ros2/share/ldlidar_stl_ros2/hook/cmake_prefix_path.ps1'
[27.400s] INFO:colcon.colcon_core.shell:Creating environment descriptor '/home/ubuntu/ros2_ws/install/ldlidar_stl_ros2/share/ldlidar_stl_ros2/hook/cmake_prefix_path.dsv'
[27.406s] INFO:colcon.colcon_core.shell:Creating environment hook '/home/ubuntu/ros2_ws/install/ldlidar_stl_ros2/share/ldlidar_stl_ros2/hook/cmake_prefix_path.sh'
[27.412s] Level 1:colcon.colcon_core.environment:checking '/home/ubuntu/ros2_ws/install/ldlidar_stl_ros2/lib'
[27.413s] Level 1:colcon.colcon_core.environment:checking '/home/ubuntu/ros2_ws/install/ldlidar_stl_ros2/bin'
[27.413s] Level 1:colcon.colcon_core.environment:checking '/home/ubuntu/ros2_ws/install/ldlidar_stl_ros2/lib/pkgconfig/ldlidar_stl_ros2.pc'
[27.414s] Level 1:colcon.colcon_core.environment:checking '/home/ubuntu/ros2_ws/install/ldlidar_stl_ros2/lib/python3.10/site-packages'
[27.416s] Level 1:colcon.colcon_core.environment:checking '/home/ubuntu/ros2_ws/install/ldlidar_stl_ros2/bin'
[27.418s] INFO:colcon.colcon_core.shell:Creating package script '/home/ubuntu/ros2_ws/install/ldlidar_stl_ros2/share/ldlidar_stl_ros2/package.ps1'
[27.421s] INFO:colcon.colcon_core.shell:Creating package descriptor '/home/ubuntu/ros2_ws/install/ldlidar_stl_ros2/share/ldlidar_stl_ros2/package.dsv'
[27.424s] INFO:colcon.colcon_core.shell:Creating package script '/home/ubuntu/ros2_ws/install/ldlidar_stl_ros2/share/ldlidar_stl_ros2/package.sh'
[27.427s] INFO:colcon.colcon_core.shell:Creating package script '/home/ubuntu/ros2_ws/install/ldlidar_stl_ros2/share/ldlidar_stl_ros2/package.bash'
[27.429s] INFO:colcon.colcon_core.shell:Creating package script '/home/ubuntu/ros2_ws/install/ldlidar_stl_ros2/share/ldlidar_stl_ros2/package.zsh'
[27.434s] Level 1:colcon.colcon_core.environment:create_file_with_runtime_dependencies(/home/ubuntu/ros2_ws/install/ldlidar_stl_ros2/share/colcon-core/packages/ldlidar_stl_ros2)
[27.439s] INFO:colcon.colcon_ros.task.ament_python.build:Building ROS package in '/home/ubuntu/ros2_ws/src/mini_pupper_ros/mini_pupper_driver' with build type 'ament_python'
[27.441s] Level 1:colcon.colcon_core.shell:create_environment_hook('mini_pupper_driver', 'ament_prefix_path')
[27.442s] INFO:colcon.colcon_core.shell:Creating environment hook '/home/ubuntu/ros2_ws/install/mini_pupper_driver/share/mini_pupper_driver/hook/ament_prefix_path.ps1'
[27.447s] INFO:colcon.colcon_core.shell:Creating environment descriptor '/home/ubuntu/ros2_ws/install/mini_pupper_driver/share/mini_pupper_driver/hook/ament_prefix_path.dsv'
[27.453s] INFO:colcon.colcon_core.shell:Creating environment hook '/home/ubuntu/ros2_ws/install/mini_pupper_driver/share/mini_pupper_driver/hook/ament_prefix_path.sh'
[27.461s] INFO:colcon.colcon_core.shell:Skip shell extension 'powershell' for command environment: Not usable outside of PowerShell
[27.461s] DEBUG:colcon.colcon_core.shell:Skip shell extension 'dsv' for command environment
[27.508s] Level 1:colcon.colcon_core.environment:create_environment_scripts_only(mini_pupper_description)
[27.510s] Level 1:colcon.colcon_core.environment:checking '/home/ubuntu/ros2_ws/install/mini_pupper_description' for CMake module files
[27.514s] Level 1:colcon.colcon_core.environment:checking '/home/ubuntu/ros2_ws/install/mini_pupper_description' for CMake config files
[27.521s] Level 1:colcon.colcon_core.shell:create_environment_hook('mini_pupper_description', 'cmake_prefix_path')
[27.522s] INFO:colcon.colcon_core.shell:Creating environment hook '/home/ubuntu/ros2_ws/install/mini_pupper_description/share/mini_pupper_description/hook/cmake_prefix_path.ps1'
[27.525s] INFO:colcon.colcon_core.shell:Creating environment descriptor '/home/ubuntu/ros2_ws/install/mini_pupper_description/share/mini_pupper_description/hook/cmake_prefix_path.dsv'
[27.527s] INFO:colcon.colcon_core.shell:Creating environment hook '/home/ubuntu/ros2_ws/install/mini_pupper_description/share/mini_pupper_description/hook/cmake_prefix_path.sh'
[27.536s] Level 1:colcon.colcon_core.environment:checking '/home/ubuntu/ros2_ws/install/mini_pupper_description/bin'
[27.537s] Level 1:colcon.colcon_core.environment:checking '/home/ubuntu/ros2_ws/install/mini_pupper_description/lib/pkgconfig/mini_pupper_description.pc'
[27.540s] Level 1:colcon.colcon_core.environment:checking '/home/ubuntu/ros2_ws/install/mini_pupper_description/lib/python3.10/site-packages'
[27.542s] Level 1:colcon.colcon_core.environment:checking '/home/ubuntu/ros2_ws/install/mini_pupper_description/bin'
[27.546s] INFO:colcon.colcon_core.shell:Creating package script '/home/ubuntu/ros2_ws/install/mini_pupper_description/share/mini_pupper_description/package.ps1'
[27.550s] INFO:colcon.colcon_core.shell:Creating package descriptor '/home/ubuntu/ros2_ws/install/mini_pupper_description/share/mini_pupper_description/package.dsv'
[27.553s] INFO:colcon.colcon_core.shell:Creating package script '/home/ubuntu/ros2_ws/install/mini_pupper_description/share/mini_pupper_description/package.sh'
[27.557s] INFO:colcon.colcon_core.shell:Creating package script '/home/ubuntu/ros2_ws/install/mini_pupper_description/share/mini_pupper_description/package.bash'
[27.559s] INFO:colcon.colcon_core.shell:Creating package script '/home/ubuntu/ros2_ws/install/mini_pupper_description/share/mini_pupper_description/package.zsh'
[27.562s] Level 1:colcon.colcon_core.environment:create_file_with_runtime_dependencies(/home/ubuntu/ros2_ws/install/mini_pupper_description/share/colcon-core/packages/mini_pupper_description)
[27.567s] INFO:colcon.colcon_ros.task.ament_python.build:Building ROS package in '/home/ubuntu/ros2_ws/src/mini_pupper_ros/mini_pupper_music' with build type 'ament_python'
[27.568s] Level 1:colcon.colcon_core.shell:create_environment_hook('mini_pupper_music', 'ament_prefix_path')
[27.570s] INFO:colcon.colcon_core.shell:Creating environment hook '/home/ubuntu/ros2_ws/install/mini_pupper_music/share/mini_pupper_music/hook/ament_prefix_path.ps1'
[27.574s] INFO:colcon.colcon_core.shell:Creating environment descriptor '/home/ubuntu/ros2_ws/install/mini_pupper_music/share/mini_pupper_music/hook/ament_prefix_path.dsv'
[27.578s] INFO:colcon.colcon_core.shell:Creating environment hook '/home/ubuntu/ros2_ws/install/mini_pupper_music/share/mini_pupper_music/hook/ament_prefix_path.sh'
[27.583s] INFO:colcon.colcon_core.shell:Skip shell extension 'powershell' for command environment: Not usable outside of PowerShell
[27.584s] DEBUG:colcon.colcon_core.shell:Skip shell extension 'dsv' for command environment
[29.536s] INFO:colcon.colcon_core.task.python.build:Building Python package in '/home/ubuntu/ros2_ws/src/mini_pupper_ros/mini_pupper_driver'
[29.537s] INFO:colcon.colcon_core.shell:Skip shell extension 'powershell' for command environment: Not usable outside of PowerShell
[29.537s] DEBUG:colcon.colcon_core.shell:Skip shell extension 'dsv' for command environment
[31.608s] WARNING:colcon.colcon_ros.task.ament_python.build:Package 'mini_pupper_music' doesn't explicitly install a marker in the package index (colcon-ros currently does it implicitly but that fallback will be removed in the future)
[31.609s] INFO:colcon.colcon_core.task.python.build:Building Python package in '/home/ubuntu/ros2_ws/src/mini_pupper_ros/mini_pupper_music'
[31.610s] INFO:colcon.colcon_core.shell:Skip shell extension 'powershell' for command environment: Not usable outside of PowerShell
[31.611s] DEBUG:colcon.colcon_core.shell:Skip shell extension 'dsv' for command environment
[31.673s] DEBUG:colcon.colcon_core.event_handler.log_command:Invoking command in '/home/ubuntu/ros2_ws/build/champ_msgs': CMAKE_PREFIX_PATH=${CMAKE_PREFIX_PATH}:/home/ubuntu/ros2_ws/install/lab2task4:/home/ubuntu/ros2_ws/install/go_pupper_srv:/home/ubuntu/ros2_ws/install/mini_pupper_music:/home/ubuntu/ros2_ws/install/mini_pupper_dance:/home/ubuntu/ros2_ws/install/mini_pupper_driver:/opt/ros/humble /usr/bin/cmake --install /home/ubuntu/ros2_ws/build/champ_msgs
[31.680s] DEBUG:colcon.colcon_core.event_handler.log_command:Invoked command in '/home/ubuntu/ros2_ws/build/mini_pupper_interfaces' returned '0': CMAKE_PREFIX_PATH=${CMAKE_PREFIX_PATH}:/home/ubuntu/ros2_ws/install/lab2task4:/home/ubuntu/ros2_ws/install/go_pupper_srv:/home/ubuntu/ros2_ws/install/mini_pupper_music:/home/ubuntu/ros2_ws/install/mini_pupper_dance:/home/ubuntu/ros2_ws/install/mini_pupper_driver:/opt/ros/humble /usr/bin/cmake --build /home/ubuntu/ros2_ws/build/mini_pupper_interfaces -- -j4 -l4
[33.011s] DEBUG:colcon.colcon_core.event_handler.log_command:Invoking command in '/home/ubuntu/ros2_ws/build/mini_pupper_interfaces': CMAKE_PREFIX_PATH=${CMAKE_PREFIX_PATH}:/home/ubuntu/ros2_ws/install/lab2task4:/home/ubuntu/ros2_ws/install/go_pupper_srv:/home/ubuntu/ros2_ws/install/mini_pupper_music:/home/ubuntu/ros2_ws/install/mini_pupper_dance:/home/ubuntu/ros2_ws/install/mini_pupper_driver:/opt/ros/humble /usr/bin/cmake --install /home/ubuntu/ros2_ws/build/mini_pupper_interfaces
[33.095s] Level 1:colcon.colcon_core.environment:create_environment_scripts_only(champ_msgs)
[33.097s] Level 1:colcon.colcon_core.environment:checking '/home/ubuntu/ros2_ws/install/champ_msgs' for CMake module files
[33.100s] DEBUG:colcon.colcon_core.event_handler.log_command:Invoked command in '/home/ubuntu/ros2_ws/build/champ_msgs' returned '0': CMAKE_PREFIX_PATH=${CMAKE_PREFIX_PATH}:/home/ubuntu/ros2_ws/install/lab2task4:/home/ubuntu/ros2_ws/install/go_pupper_srv:/home/ubuntu/ros2_ws/install/mini_pupper_music:/home/ubuntu/ros2_ws/install/mini_pupper_dance:/home/ubuntu/ros2_ws/install/mini_pupper_driver:/opt/ros/humble /usr/bin/cmake --install /home/ubuntu/ros2_ws/build/champ_msgs
[33.106s] Level 1:colcon.colcon_core.environment:checking '/home/ubuntu/ros2_ws/install/champ_msgs' for CMake config files
[33.129s] Level 1:colcon.colcon_core.shell:create_environment_hook('champ_msgs', 'cmake_prefix_path')
[33.130s] INFO:colcon.colcon_core.shell:Creating environment hook '/home/ubuntu/ros2_ws/install/champ_msgs/share/champ_msgs/hook/cmake_prefix_path.ps1'
[33.136s] INFO:colcon.colcon_core.shell:Creating environment descriptor '/home/ubuntu/ros2_ws/install/champ_msgs/share/champ_msgs/hook/cmake_prefix_path.dsv'
[33.139s] INFO:colcon.colcon_core.shell:Creating environment hook '/home/ubuntu/ros2_ws/install/champ_msgs/share/champ_msgs/hook/cmake_prefix_path.sh'
[33.143s] Level 1:colcon.colcon_core.environment:checking '/home/ubuntu/ros2_ws/install/champ_msgs/lib'
[33.144s] Level 1:colcon.colcon_core.shell:create_environment_hook('champ_msgs', 'ld_library_path_lib')
[33.146s] INFO:colcon.colcon_core.shell:Creating environment hook '/home/ubuntu/ros2_ws/install/champ_msgs/share/champ_msgs/hook/ld_library_path_lib.ps1'
[33.150s] INFO:colcon.colcon_core.shell:Creating environment descriptor '/home/ubuntu/ros2_ws/install/champ_msgs/share/champ_msgs/hook/ld_library_path_lib.dsv'
[33.153s] INFO:colcon.colcon_core.shell:Creating environment hook '/home/ubuntu/ros2_ws/install/champ_msgs/share/champ_msgs/hook/ld_library_path_lib.sh'
[33.156s] Level 1:colcon.colcon_core.environment:checking '/home/ubuntu/ros2_ws/install/champ_msgs/bin'
[33.156s] Level 1:colcon.colcon_core.environment:checking '/home/ubuntu/ros2_ws/install/champ_msgs/lib/pkgconfig/champ_msgs.pc'
[33.158s] Level 1:colcon.colcon_core.environment:checking '/home/ubuntu/ros2_ws/install/champ_msgs/lib/python3.10/site-packages'
[33.160s] Level 1:colcon.colcon_core.environment:checking '/home/ubuntu/ros2_ws/install/champ_msgs/bin'
[33.162s] INFO:colcon.colcon_core.shell:Creating package script '/home/ubuntu/ros2_ws/install/champ_msgs/share/champ_msgs/package.ps1'
[33.169s] INFO:colcon.colcon_core.shell:Creating package descriptor '/home/ubuntu/ros2_ws/install/champ_msgs/share/champ_msgs/package.dsv'
[33.175s] INFO:colcon.colcon_core.shell:Creating package script '/home/ubuntu/ros2_ws/install/champ_msgs/share/champ_msgs/package.sh'
[33.177s] INFO:colcon.colcon_core.shell:Creating package script '/home/ubuntu/ros2_ws/install/champ_msgs/share/champ_msgs/package.bash'
[33.183s] INFO:colcon.colcon_core.shell:Creating package script '/home/ubuntu/ros2_ws/install/champ_msgs/share/champ_msgs/package.zsh'
[33.185s] Level 1:colcon.colcon_core.environment:create_file_with_runtime_dependencies(/home/ubuntu/ros2_ws/install/champ_msgs/share/colcon-core/packages/champ_msgs)
[34.351s] Level 1:colcon.colcon_core.environment:create_environment_scripts_only(mini_pupper_interfaces)
[34.353s] Level 1:colcon.colcon_core.environment:checking '/home/ubuntu/ros2_ws/install/mini_pupper_interfaces' for CMake module files
[34.359s] Level 1:colcon.colcon_core.environment:checking '/home/ubuntu/ros2_ws/install/mini_pupper_interfaces' for CMake config files
[34.361s] DEBUG:colcon.colcon_core.event_handler.log_command:Invoked command in '/home/ubuntu/ros2_ws/build/mini_pupper_interfaces' returned '0': CMAKE_PREFIX_PATH=${CMAKE_PREFIX_PATH}:/home/ubuntu/ros2_ws/install/lab2task4:/home/ubuntu/ros2_ws/install/go_pupper_srv:/home/ubuntu/ros2_ws/install/mini_pupper_music:/home/ubuntu/ros2_ws/install/mini_pupper_dance:/home/ubuntu/ros2_ws/install/mini_pupper_driver:/opt/ros/humble /usr/bin/cmake --install /home/ubuntu/ros2_ws/build/mini_pupper_interfaces
[34.380s] Level 1:colcon.colcon_core.shell:create_environment_hook('mini_pupper_interfaces', 'cmake_prefix_path')
[34.382s] INFO:colcon.colcon_core.shell:Creating environment hook '/home/ubuntu/ros2_ws/install/mini_pupper_interfaces/share/mini_pupper_interfaces/hook/cmake_prefix_path.ps1'
[34.386s] INFO:colcon.colcon_core.shell:Creating environment descriptor '/home/ubuntu/ros2_ws/install/mini_pupper_interfaces/share/mini_pupper_interfaces/hook/cmake_prefix_path.dsv'
[34.392s] INFO:colcon.colcon_core.shell:Creating environment hook '/home/ubuntu/ros2_ws/install/mini_pupper_interfaces/share/mini_pupper_interfaces/hook/cmake_prefix_path.sh'
[34.397s] Level 1:colcon.colcon_core.environment:checking '/home/ubuntu/ros2_ws/install/mini_pupper_interfaces/lib'
[34.398s] Level 1:colcon.colcon_core.shell:create_environment_hook('mini_pupper_interfaces', 'ld_library_path_lib')
[34.400s] INFO:colcon.colcon_core.shell:Creating environment hook '/home/ubuntu/ros2_ws/install/mini_pupper_interfaces/share/mini_pupper_interfaces/hook/ld_library_path_lib.ps1'
[34.405s] INFO:colcon.colcon_core.shell:Creating environment descriptor '/home/ubuntu/ros2_ws/install/mini_pupper_interfaces/share/mini_pupper_interfaces/hook/ld_library_path_lib.dsv'
[34.412s] INFO:colcon.colcon_core.shell:Creating environment hook '/home/ubuntu/ros2_ws/install/mini_pupper_interfaces/share/mini_pupper_interfaces/hook/ld_library_path_lib.sh'
[34.423s] Level 1:colcon.colcon_core.environment:checking '/home/ubuntu/ros2_ws/install/mini_pupper_interfaces/bin'
[34.424s] Level 1:colcon.colcon_core.environment:checking '/home/ubuntu/ros2_ws/install/mini_pupper_interfaces/lib/pkgconfig/mini_pupper_interfaces.pc'
[34.426s] Level 1:colcon.colcon_core.environment:checking '/home/ubuntu/ros2_ws/install/mini_pupper_interfaces/lib/python3.10/site-packages'
[34.428s] Level 1:colcon.colcon_core.environment:checking '/home/ubuntu/ros2_ws/install/mini_pupper_interfaces/bin'
[34.430s] INFO:colcon.colcon_core.shell:Creating package script '/home/ubuntu/ros2_ws/install/mini_pupper_interfaces/share/mini_pupper_interfaces/package.ps1'
[34.438s] INFO:colcon.colcon_core.shell:Creating package descriptor '/home/ubuntu/ros2_ws/install/mini_pupper_interfaces/share/mini_pupper_interfaces/package.dsv'
[34.448s] INFO:colcon.colcon_core.shell:Creating package script '/home/ubuntu/ros2_ws/install/mini_pupper_interfaces/share/mini_pupper_interfaces/package.sh'
[34.456s] INFO:colcon.colcon_core.shell:Creating package script '/home/ubuntu/ros2_ws/install/mini_pupper_interfaces/share/mini_pupper_interfaces/package.bash'
[34.487s] INFO:colcon.colcon_core.shell:Creating package script '/home/ubuntu/ros2_ws/install/mini_pupper_interfaces/share/mini_pupper_interfaces/package.zsh'
[34.490s] Level 1:colcon.colcon_core.environment:create_file_with_runtime_dependencies(/home/ubuntu/ros2_ws/install/mini_pupper_interfaces/share/colcon-core/packages/mini_pupper_interfaces)
[35.735s] Level 1:colcon.colcon_core.environment:create_environment_scripts_only(mini_pupper_interfaces)
[35.736s] Level 1:colcon.colcon_core.environment:checking '/home/ubuntu/ros2_ws/install/mini_pupper_interfaces' for CMake module files
[35.742s] Level 1:colcon.colcon_core.environment:checking '/home/ubuntu/ros2_ws/install/mini_pupper_interfaces' for CMake config files
[35.754s] Level 1:colcon.colcon_core.shell:create_environment_hook('mini_pupper_interfaces', 'cmake_prefix_path')
[35.755s] INFO:colcon.colcon_core.shell:Creating environment hook '/home/ubuntu/ros2_ws/install/mini_pupper_interfaces/share/mini_pupper_interfaces/hook/cmake_prefix_path.ps1'
[35.760s] INFO:colcon.colcon_core.shell:Creating environment descriptor '/home/ubuntu/ros2_ws/install/mini_pupper_interfaces/share/mini_pupper_interfaces/hook/cmake_prefix_path.dsv'
[35.763s] INFO:colcon.colcon_core.shell:Creating environment hook '/home/ubuntu/ros2_ws/install/mini_pupper_interfaces/share/mini_pupper_interfaces/hook/cmake_prefix_path.sh'
[35.767s] Level 1:colcon.colcon_core.environment:checking '/home/ubuntu/ros2_ws/install/mini_pupper_interfaces/lib'
[35.768s] Level 1:colcon.colcon_core.shell:create_environment_hook('mini_pupper_interfaces', 'ld_library_path_lib')
[35.770s] INFO:colcon.colcon_core.shell:Creating environment hook '/home/ubuntu/ros2_ws/install/mini_pupper_interfaces/share/mini_pupper_interfaces/hook/ld_library_path_lib.ps1'
[35.772s] INFO:colcon.colcon_core.shell:Creating environment descriptor '/home/ubuntu/ros2_ws/install/mini_pupper_interfaces/share/mini_pupper_interfaces/hook/ld_library_path_lib.dsv'
[35.780s] INFO:colcon.colcon_core.shell:Creating environment hook '/home/ubuntu/ros2_ws/install/mini_pupper_interfaces/share/mini_pupper_interfaces/hook/ld_library_path_lib.sh'
[35.788s] Level 1:colcon.colcon_core.environment:checking '/home/ubuntu/ros2_ws/install/mini_pupper_interfaces/bin'
[35.788s] Level 1:colcon.colcon_core.environment:checking '/home/ubuntu/ros2_ws/install/mini_pupper_interfaces/lib/pkgconfig/mini_pupper_interfaces.pc'
[35.790s] Level 1:colcon.colcon_core.environment:checking '/home/ubuntu/ros2_ws/install/mini_pupper_interfaces/lib/python3.10/site-packages'
[35.791s] Level 1:colcon.colcon_core.environment:checking '/home/ubuntu/ros2_ws/install/mini_pupper_interfaces/bin'
[35.793s] INFO:colcon.colcon_core.shell:Creating package script '/home/ubuntu/ros2_ws/install/mini_pupper_interfaces/share/mini_pupper_interfaces/package.ps1'
[35.798s] INFO:colcon.colcon_core.shell:Creating package descriptor '/home/ubuntu/ros2_ws/install/mini_pupper_interfaces/share/mini_pupper_interfaces/package.dsv'
[35.802s] INFO:colcon.colcon_core.shell:Creating package script '/home/ubuntu/ros2_ws/install/mini_pupper_interfaces/share/mini_pupper_interfaces/package.sh'
[35.812s] INFO:colcon.colcon_core.shell:Creating package script '/home/ubuntu/ros2_ws/install/mini_pupper_interfaces/share/mini_pupper_interfaces/package.bash'
[35.815s] INFO:colcon.colcon_core.shell:Creating package script '/home/ubuntu/ros2_ws/install/mini_pupper_interfaces/share/mini_pupper_interfaces/package.zsh'
[35.818s] Level 1:colcon.colcon_core.environment:create_file_with_runtime_dependencies(/home/ubuntu/ros2_ws/install/mini_pupper_interfaces/share/colcon-core/packages/mini_pupper_interfaces)
[35.823s] INFO:colcon.colcon_ros.task.ament_python.build:Building ROS package in '/home/ubuntu/ros2_ws/src/go_pupper_srv' with build type 'ament_python'
[35.825s] Level 1:colcon.colcon_core.shell:create_environment_hook('go_pupper_srv', 'ament_prefix_path')
[35.827s] INFO:colcon.colcon_core.shell:Creating environment hook '/home/ubuntu/ros2_ws/install/go_pupper_srv/share/go_pupper_srv/hook/ament_prefix_path.ps1'
[35.831s] INFO:colcon.colcon_core.shell:Creating environment descriptor '/home/ubuntu/ros2_ws/install/go_pupper_srv/share/go_pupper_srv/hook/ament_prefix_path.dsv'
[35.838s] INFO:colcon.colcon_core.shell:Creating environment hook '/home/ubuntu/ros2_ws/install/go_pupper_srv/share/go_pupper_srv/hook/ament_prefix_path.sh'
[35.845s] INFO:colcon.colcon_core.shell:Skip shell extension 'powershell' for command environment: Not usable outside of PowerShell
[35.845s] DEBUG:colcon.colcon_core.shell:Skip shell extension 'dsv' for command environment
[37.998s] INFO:colcon.colcon_core.task.python.build:Building Python package in '/home/ubuntu/ros2_ws/src/go_pupper_srv'
[37.999s] INFO:colcon.colcon_core.shell:Skip shell extension 'powershell' for command environment: Not usable outside of PowerShell
[38.000s] DEBUG:colcon.colcon_core.shell:Skip shell extension 'dsv' for command environment
[38.057s] Level 1:colcon.colcon_core.environment:create_environment_scripts_only(champ_msgs)
[38.058s] DEBUG:colcon.colcon_core.event_handler.log_command:Invoking command in '/home/ubuntu/ros2_ws/build/mini_pupper_driver': PYTHONPATH=/home/ubuntu/ros2_ws/build/mini_pupper_driver/prefix_override:/home/ubuntu/ros2_ws/install/mini_pupper_driver/lib/python3.10/site-packages:${PYTHONPATH} /usr/bin/python3 -W ignore:setup.py install is deprecated setup.py develop --uninstall --editable --build-directory /home/ubuntu/ros2_ws/build/mini_pupper_driver/build
[38.060s] Level 1:colcon.colcon_core.environment:checking '/home/ubuntu/ros2_ws/install/champ_msgs' for CMake module files
[38.067s] Level 1:colcon.colcon_core.environment:checking '/home/ubuntu/ros2_ws/install/champ_msgs' for CMake config files
[38.075s] Level 1:colcon.colcon_core.shell:create_environment_hook('champ_msgs', 'cmake_prefix_path')
[38.076s] INFO:colcon.colcon_core.shell:Creating environment hook '/home/ubuntu/ros2_ws/install/champ_msgs/share/champ_msgs/hook/cmake_prefix_path.ps1'
[38.078s] INFO:colcon.colcon_core.shell:Creating environment descriptor '/home/ubuntu/ros2_ws/install/champ_msgs/share/champ_msgs/hook/cmake_prefix_path.dsv'
[38.080s] INFO:colcon.colcon_core.shell:Creating environment hook '/home/ubuntu/ros2_ws/install/champ_msgs/share/champ_msgs/hook/cmake_prefix_path.sh'
[38.083s] Level 1:colcon.colcon_core.environment:checking '/home/ubuntu/ros2_ws/install/champ_msgs/lib'
[38.084s] Level 1:colcon.colcon_core.shell:create_environment_hook('champ_msgs', 'ld_library_path_lib')
[38.085s] INFO:colcon.colcon_core.shell:Creating environment hook '/home/ubuntu/ros2_ws/install/champ_msgs/share/champ_msgs/hook/ld_library_path_lib.ps1'
[38.088s] INFO:colcon.colcon_core.shell:Creating environment descriptor '/home/ubuntu/ros2_ws/install/champ_msgs/share/champ_msgs/hook/ld_library_path_lib.dsv'
[38.092s] INFO:colcon.colcon_core.shell:Creating environment hook '/home/ubuntu/ros2_ws/install/champ_msgs/share/champ_msgs/hook/ld_library_path_lib.sh'
[38.095s] Level 1:colcon.colcon_core.environment:checking '/home/ubuntu/ros2_ws/install/champ_msgs/bin'
[38.095s] Level 1:colcon.colcon_core.environment:checking '/home/ubuntu/ros2_ws/install/champ_msgs/lib/pkgconfig/champ_msgs.pc'
[38.097s] Level 1:colcon.colcon_core.environment:checking '/home/ubuntu/ros2_ws/install/champ_msgs/lib/python3.10/site-packages'
[38.098s] Level 1:colcon.colcon_core.environment:checking '/home/ubuntu/ros2_ws/install/champ_msgs/bin'
[38.100s] INFO:colcon.colcon_core.shell:Creating package script '/home/ubuntu/ros2_ws/install/champ_msgs/share/champ_msgs/package.ps1'
[38.103s] INFO:colcon.colcon_core.shell:Creating package descriptor '/home/ubuntu/ros2_ws/install/champ_msgs/share/champ_msgs/package.dsv'
[38.106s] INFO:colcon.colcon_core.shell:Creating package script '/home/ubuntu/ros2_ws/install/champ_msgs/share/champ_msgs/package.sh'
[38.109s] INFO:colcon.colcon_core.shell:Creating package script '/home/ubuntu/ros2_ws/install/champ_msgs/share/champ_msgs/package.bash'
[38.112s] INFO:colcon.colcon_core.shell:Creating package script '/home/ubuntu/ros2_ws/install/champ_msgs/share/champ_msgs/package.zsh'
[38.114s] Level 1:colcon.colcon_core.environment:create_file_with_runtime_dependencies(/home/ubuntu/ros2_ws/install/champ_msgs/share/colcon-core/packages/champ_msgs)
[38.124s] DEBUG:colcon.colcon_core.event_handler.log_command:Invoking command in '/home/ubuntu/ros2_ws/build/mini_pupper_music': PYTHONPATH=/home/ubuntu/ros2_ws/build/mini_pupper_music/prefix_override:/home/ubuntu/ros2_ws/install/mini_pupper_music/lib/python3.10/site-packages:${PYTHONPATH} /usr/bin/python3 -W ignore:setup.py install is deprecated setup.py develop --uninstall --editable --build-directory /home/ubuntu/ros2_ws/build/mini_pupper_music/build
[38.141s] INFO:colcon.colcon_ros.task.ament_cmake.build:Building ROS package in '/home/ubuntu/ros2_ws/src/champ/champ/champ_base' with build type 'ament_cmake'
[38.144s] INFO:colcon.colcon_cmake.task.cmake.build:Building CMake package in '/home/ubuntu/ros2_ws/src/champ/champ/champ_base'
[38.146s] INFO:colcon.colcon_core.shell:Skip shell extension 'powershell' for command environment: Not usable outside of PowerShell
[38.155s] DEBUG:colcon.colcon_core.shell:Skip shell extension 'dsv' for command environment
[38.344s] DEBUG:colcon.colcon_core.event_handler.log_command:Invoking command in '/home/ubuntu/ros2_ws/build/champ_base': CMAKE_PREFIX_PATH=/home/ubuntu/ros2_ws/install/champ_msgs:/home/ubuntu/ros2_ws/install/champ:/home/ubuntu/ros2_ws/install/pupper_interfaces:/home/ubuntu/ros2_ws/install/mini_pupper_interfaces:/home/ubuntu/ros2_ws/install/mini_pupper_description:/home/ubuntu/ros2_ws/install/mini_pupper_bringup:/home/ubuntu/ros2_ws/install/mini_pupper_2_description:/home/ubuntu/ros2_ws/install/ldlidar_stl_ros2:/home/ubuntu/ros2_ws/install/champ_teleop:/home/ubuntu/ros2_ws/install/champ_bringup:/home/ubuntu/ros2_ws/install/champ_base:/home/ubuntu/ros2_ws/install/champ_description:/home/ubuntu/ros2_ws/install/champ_config:/home/ubuntu/ros2_ws/install/lab2task4:/home/ubuntu/ros2_ws/install/go_pupper_srv:/home/ubuntu/ros2_ws/install/mini_pupper_music:/home/ubuntu/ros2_ws/install/mini_pupper_dance:/home/ubuntu/ros2_ws/install/mini_pupper_driver:/opt/ros/humble LD_LIBRARY_PATH=/home/ubuntu/ros2_ws/install/champ_msgs/lib:/home/ubuntu/ros2_ws/install/pupper_interfaces/lib:/home/ubuntu/ros2_ws/install/mini_pupper_interfaces/lib:/home/ubuntu/ros2_ws/install/champ_base/lib:/opt/ros/humble/opt/rviz_ogre_vendor/lib:/opt/ros/humble/lib/aarch64-linux-gnu:/opt/ros/humble/lib /usr/bin/cmake /home/ubuntu/ros2_ws/src/champ/champ/champ_base -DCMAKE_INSTALL_PREFIX=/home/ubuntu/ros2_ws/install/champ_base
[42.349s] DEBUG:colcon.colcon_core.event_handler.log_command:Invoking command in '/home/ubuntu/ros2_ws/src/go_pupper_srv': PYTHONPATH=/home/ubuntu/ros2_ws/build/go_pupper_srv/prefix_override:/home/ubuntu/ros2_ws/install/go_pupper_srv/lib/python3.10/site-packages:${PYTHONPATH} /usr/bin/python3 -W ignore:setup.py install is deprecated setup.py egg_info --egg-base ../../build/go_pupper_srv build --build-base /home/ubuntu/ros2_ws/build/go_pupper_srv/build install --record /home/ubuntu/ros2_ws/build/go_pupper_srv/install.log --single-version-externally-managed install_data
[43.408s] DEBUG:colcon.colcon_core.event_handler.log_command:Invoked command in '/home/ubuntu/ros2_ws/build/mini_pupper_driver' returned '0': PYTHONPATH=/home/ubuntu/ros2_ws/build/mini_pupper_driver/prefix_override:/home/ubuntu/ros2_ws/install/mini_pupper_driver/lib/python3.10/site-packages:${PYTHONPATH} /usr/bin/python3 -W ignore:setup.py install is deprecated setup.py develop --uninstall --editable --build-directory /home/ubuntu/ros2_ws/build/mini_pupper_driver/build
[43.410s] DEBUG:colcon.colcon_core.event_handler.log_command:Invoking command in '/home/ubuntu/ros2_ws/src/mini_pupper_ros/mini_pupper_driver': PYTHONPATH=/home/ubuntu/ros2_ws/build/mini_pupper_driver/prefix_override:/home/ubuntu/ros2_ws/install/mini_pupper_driver/lib/python3.10/site-packages:${PYTHONPATH} /usr/bin/python3 -W ignore:setup.py install is deprecated setup.py egg_info --egg-base ../../../build/mini_pupper_driver build --build-base /home/ubuntu/ros2_ws/build/mini_pupper_driver/build install --record /home/ubuntu/ros2_ws/build/mini_pupper_driver/install.log --single-version-externally-managed install_data --force
[44.089s] DEBUG:colcon.colcon_core.event_handler.log_command:Invoked command in '/home/ubuntu/ros2_ws/build/mini_pupper_music' returned '0': PYTHONPATH=/home/ubuntu/ros2_ws/build/mini_pupper_music/prefix_override:/home/ubuntu/ros2_ws/install/mini_pupper_music/lib/python3.10/site-packages:${PYTHONPATH} /usr/bin/python3 -W ignore:setup.py install is deprecated setup.py develop --uninstall --editable --build-directory /home/ubuntu/ros2_ws/build/mini_pupper_music/build
[44.109s] DEBUG:colcon.colcon_core.event_handler.log_command:Invoking command in '/home/ubuntu/ros2_ws/src/mini_pupper_ros/mini_pupper_music': PYTHONPATH=/home/ubuntu/ros2_ws/build/mini_pupper_music/prefix_override:/home/ubuntu/ros2_ws/install/mini_pupper_music/lib/python3.10/site-packages:${PYTHONPATH} /usr/bin/python3 -W ignore:setup.py install is deprecated setup.py egg_info --egg-base ../../../build/mini_pupper_music build --build-base /home/ubuntu/ros2_ws/build/mini_pupper_music/build install --record /home/ubuntu/ros2_ws/build/mini_pupper_music/install.log --single-version-externally-managed install_data --force
[45.701s] Level 1:colcon.colcon_core.environment:checking '/home/ubuntu/ros2_ws/install/go_pupper_srv' for CMake module files
[45.705s] DEBUG:colcon.colcon_core.event_handler.log_command:Invoked command in '/home/ubuntu/ros2_ws/src/go_pupper_srv' returned '0': PYTHONPATH=/home/ubuntu/ros2_ws/build/go_pupper_srv/prefix_override:/home/ubuntu/ros2_ws/install/go_pupper_srv/lib/python3.10/site-packages:${PYTHONPATH} /usr/bin/python3 -W ignore:setup.py install is deprecated setup.py egg_info --egg-base ../../build/go_pupper_srv build --build-base /home/ubuntu/ros2_ws/build/go_pupper_srv/build install --record /home/ubuntu/ros2_ws/build/go_pupper_srv/install.log --single-version-externally-managed install_data
[45.706s] Level 1:colcon.colcon_core.environment:checking '/home/ubuntu/ros2_ws/install/go_pupper_srv' for CMake config files
[45.719s] Level 1:colcon.colcon_core.environment:checking '/home/ubuntu/ros2_ws/install/go_pupper_srv/lib'
[45.720s] Level 1:colcon.colcon_core.environment:checking '/home/ubuntu/ros2_ws/install/go_pupper_srv/bin'
[45.720s] Level 1:colcon.colcon_core.environment:checking '/home/ubuntu/ros2_ws/install/go_pupper_srv/lib/pkgconfig/go_pupper_srv.pc'
[45.722s] Level 1:colcon.colcon_core.environment:checking '/home/ubuntu/ros2_ws/install/go_pupper_srv/lib/python3.10/site-packages'
[45.722s] Level 1:colcon.colcon_core.shell:create_environment_hook('go_pupper_srv', 'pythonpath')
[45.724s] INFO:colcon.colcon_core.shell:Creating environment hook '/home/ubuntu/ros2_ws/install/go_pupper_srv/share/go_pupper_srv/hook/pythonpath.ps1'
[45.726s] INFO:colcon.colcon_core.shell:Creating environment descriptor '/home/ubuntu/ros2_ws/install/go_pupper_srv/share/go_pupper_srv/hook/pythonpath.dsv'
[45.729s] INFO:colcon.colcon_core.shell:Creating environment hook '/home/ubuntu/ros2_ws/install/go_pupper_srv/share/go_pupper_srv/hook/pythonpath.sh'
[45.733s] Level 1:colcon.colcon_core.environment:checking '/home/ubuntu/ros2_ws/install/go_pupper_srv/bin'
[45.733s] Level 1:colcon.colcon_core.environment:create_environment_scripts_only(go_pupper_srv)
[45.735s] INFO:colcon.colcon_core.shell:Creating package script '/home/ubuntu/ros2_ws/install/go_pupper_srv/share/go_pupper_srv/package.ps1'
[45.739s] INFO:colcon.colcon_core.shell:Creating package descriptor '/home/ubuntu/ros2_ws/install/go_pupper_srv/share/go_pupper_srv/package.dsv'
[45.742s] INFO:colcon.colcon_core.shell:Creating package script '/home/ubuntu/ros2_ws/install/go_pupper_srv/share/go_pupper_srv/package.sh'
[45.745s] INFO:colcon.colcon_core.shell:Creating package script '/home/ubuntu/ros2_ws/install/go_pupper_srv/share/go_pupper_srv/package.bash'
[45.747s] INFO:colcon.colcon_core.shell:Creating package script '/home/ubuntu/ros2_ws/install/go_pupper_srv/share/go_pupper_srv/package.zsh'
[45.750s] Level 1:colcon.colcon_core.environment:create_file_with_runtime_dependencies(/home/ubuntu/ros2_ws/install/go_pupper_srv/share/colcon-core/packages/go_pupper_srv)
[45.755s] INFO:colcon.colcon_ros.task.ament_python.build:Building ROS package in '/home/ubuntu/ros2_ws/src/lab2task4' with build type 'ament_python'
[45.756s] Level 1:colcon.colcon_core.shell:create_environment_hook('lab2task4', 'ament_prefix_path')
[45.758s] INFO:colcon.colcon_core.shell:Creating environment hook '/home/ubuntu/ros2_ws/install/lab2task4/share/lab2task4/hook/ament_prefix_path.ps1'
[45.762s] INFO:colcon.colcon_core.shell:Creating environment descriptor '/home/ubuntu/ros2_ws/install/lab2task4/share/lab2task4/hook/ament_prefix_path.dsv'
[45.764s] INFO:colcon.colcon_core.shell:Creating environment hook '/home/ubuntu/ros2_ws/install/lab2task4/share/lab2task4/hook/ament_prefix_path.sh'
[45.768s] INFO:colcon.colcon_core.shell:Skip shell extension 'powershell' for command environment: Not usable outside of PowerShell
[45.769s] DEBUG:colcon.colcon_core.shell:Skip shell extension 'dsv' for command environment
[49.051s] INFO:colcon.colcon_core.task.python.build:Building Python package in '/home/ubuntu/ros2_ws/src/lab2task4'
[49.053s] INFO:colcon.colcon_core.shell:Skip shell extension 'powershell' for command environment: Not usable outside of PowerShell
[49.054s] DEBUG:colcon.colcon_core.shell:Skip shell extension 'dsv' for command environment
[49.117s] Level 1:colcon.colcon_core.environment:checking '/home/ubuntu/ros2_ws/install/mini_pupper_driver' for CMake module files
[49.119s] DEBUG:colcon.colcon_core.event_handler.log_command:Invoked command in '/home/ubuntu/ros2_ws/src/mini_pupper_ros/mini_pupper_driver' returned '0': PYTHONPATH=/home/ubuntu/ros2_ws/build/mini_pupper_driver/prefix_override:/home/ubuntu/ros2_ws/install/mini_pupper_driver/lib/python3.10/site-packages:${PYTHONPATH} /usr/bin/python3 -W ignore:setup.py install is deprecated setup.py egg_info --egg-base ../../../build/mini_pupper_driver build --build-base /home/ubuntu/ros2_ws/build/mini_pupper_driver/build install --record /home/ubuntu/ros2_ws/build/mini_pupper_driver/install.log --single-version-externally-managed install_data --force
[49.123s] Level 1:colcon.colcon_core.environment:checking '/home/ubuntu/ros2_ws/install/mini_pupper_driver' for CMake config files
[49.133s] Level 1:colcon.colcon_core.environment:checking '/home/ubuntu/ros2_ws/install/mini_pupper_driver/lib'
[49.134s] Level 1:colcon.colcon_core.environment:checking '/home/ubuntu/ros2_ws/install/mini_pupper_driver/bin'
[49.134s] Level 1:colcon.colcon_core.environment:checking '/home/ubuntu/ros2_ws/install/mini_pupper_driver/lib/pkgconfig/mini_pupper_driver.pc'
[49.136s] Level 1:colcon.colcon_core.environment:checking '/home/ubuntu/ros2_ws/install/mini_pupper_driver/lib/python3.10/site-packages'
[49.136s] Level 1:colcon.colcon_core.shell:create_environment_hook('mini_pupper_driver', 'pythonpath')
[49.138s] INFO:colcon.colcon_core.shell:Creating environment hook '/home/ubuntu/ros2_ws/install/mini_pupper_driver/share/mini_pupper_driver/hook/pythonpath.ps1'
[49.141s] INFO:colcon.colcon_core.shell:Creating environment descriptor '/home/ubuntu/ros2_ws/install/mini_pupper_driver/share/mini_pupper_driver/hook/pythonpath.dsv'
[49.145s] INFO:colcon.colcon_core.shell:Creating environment hook '/home/ubuntu/ros2_ws/install/mini_pupper_driver/share/mini_pupper_driver/hook/pythonpath.sh'
[49.148s] Level 1:colcon.colcon_core.environment:checking '/home/ubuntu/ros2_ws/install/mini_pupper_driver/bin'
[49.149s] Level 1:colcon.colcon_core.environment:create_environment_scripts_only(mini_pupper_driver)
[49.150s] INFO:colcon.colcon_core.shell:Creating package script '/home/ubuntu/ros2_ws/install/mini_pupper_driver/share/mini_pupper_driver/package.ps1'
[49.153s] INFO:colcon.colcon_core.shell:Creating package descriptor '/home/ubuntu/ros2_ws/install/mini_pupper_driver/share/mini_pupper_driver/package.dsv'
[49.156s] INFO:colcon.colcon_core.shell:Creating package script '/home/ubuntu/ros2_ws/install/mini_pupper_driver/share/mini_pupper_driver/package.sh'
[49.159s] INFO:colcon.colcon_core.shell:Creating package script '/home/ubuntu/ros2_ws/install/mini_pupper_driver/share/mini_pupper_driver/package.bash'
[49.163s] INFO:colcon.colcon_core.shell:Creating package script '/home/ubuntu/ros2_ws/install/mini_pupper_driver/share/mini_pupper_driver/package.zsh'
[49.165s] Level 1:colcon.colcon_core.environment:create_file_with_runtime_dependencies(/home/ubuntu/ros2_ws/install/mini_pupper_driver/share/colcon-core/packages/mini_pupper_driver)
[49.168s] Level 1:colcon.colcon_core.environment:checking '/home/ubuntu/ros2_ws/install/mini_pupper_music' for CMake module files
[49.171s] DEBUG:colcon.colcon_core.event_handler.log_command:Invoked command in '/home/ubuntu/ros2_ws/src/mini_pupper_ros/mini_pupper_music' returned '0': PYTHONPATH=/home/ubuntu/ros2_ws/build/mini_pupper_music/prefix_override:/home/ubuntu/ros2_ws/install/mini_pupper_music/lib/python3.10/site-packages:${PYTHONPATH} /usr/bin/python3 -W ignore:setup.py install is deprecated setup.py egg_info --egg-base ../../../build/mini_pupper_music build --build-base /home/ubuntu/ros2_ws/build/mini_pupper_music/build install --record /home/ubuntu/ros2_ws/build/mini_pupper_music/install.log --single-version-externally-managed install_data --force
[49.174s] Level 1:colcon.colcon_core.environment:checking '/home/ubuntu/ros2_ws/install/mini_pupper_music' for CMake config files
[49.182s] Level 1:colcon.colcon_core.environment:checking '/home/ubuntu/ros2_ws/install/mini_pupper_music/lib'
[49.183s] Level 1:colcon.colcon_core.environment:checking '/home/ubuntu/ros2_ws/install/mini_pupper_music/bin'
[49.184s] Level 1:colcon.colcon_core.environment:checking '/home/ubuntu/ros2_ws/install/mini_pupper_music/lib/pkgconfig/mini_pupper_music.pc'
[49.185s] Level 1:colcon.colcon_core.environment:checking '/home/ubuntu/ros2_ws/install/mini_pupper_music/lib/python3.10/site-packages'
[49.186s] Level 1:colcon.colcon_core.shell:create_environment_hook('mini_pupper_music', 'pythonpath')
[49.187s] INFO:colcon.colcon_core.shell:Creating environment hook '/home/ubuntu/ros2_ws/install/mini_pupper_music/share/mini_pupper_music/hook/pythonpath.ps1'
[49.189s] INFO:colcon.colcon_core.shell:Creating environment descriptor '/home/ubuntu/ros2_ws/install/mini_pupper_music/share/mini_pupper_music/hook/pythonpath.dsv'
[49.192s] INFO:colcon.colcon_core.shell:Creating environment hook '/home/ubuntu/ros2_ws/install/mini_pupper_music/share/mini_pupper_music/hook/pythonpath.sh'
[49.196s] Level 1:colcon.colcon_core.environment:checking '/home/ubuntu/ros2_ws/install/mini_pupper_music/bin'
[49.196s] Level 1:colcon.colcon_core.environment:create_environment_scripts_only(mini_pupper_music)
[49.199s] INFO:colcon.colcon_core.shell:Creating package script '/home/ubuntu/ros2_ws/install/mini_pupper_music/share/mini_pupper_music/package.ps1'
[49.212s] INFO:colcon.colcon_core.shell:Creating package descriptor '/home/ubuntu/ros2_ws/install/mini_pupper_music/share/mini_pupper_music/package.dsv'
[49.219s] INFO:colcon.colcon_core.shell:Creating package script '/home/ubuntu/ros2_ws/install/mini_pupper_music/share/mini_pupper_music/package.sh'
[49.222s] INFO:colcon.colcon_core.shell:Creating package script '/home/ubuntu/ros2_ws/install/mini_pupper_music/share/mini_pupper_music/package.bash'
[49.228s] INFO:colcon.colcon_core.shell:Creating package script '/home/ubuntu/ros2_ws/install/mini_pupper_music/share/mini_pupper_music/package.zsh'
[49.232s] Level 1:colcon.colcon_core.environment:create_file_with_runtime_dependencies(/home/ubuntu/ros2_ws/install/mini_pupper_music/share/colcon-core/packages/mini_pupper_music)
[49.239s] INFO:colcon.colcon_ros.task.ament_python.build:Building ROS package in '/home/ubuntu/ros2_ws/src/mini_pupper_ros/mini_pupper_dance' with build type 'ament_python'
[49.241s] Level 1:colcon.colcon_core.shell:create_environment_hook('mini_pupper_dance', 'ament_prefix_path')
[49.242s] INFO:colcon.colcon_core.shell:Creating environment hook '/home/ubuntu/ros2_ws/install/mini_pupper_dance/share/mini_pupper_dance/hook/ament_prefix_path.ps1'
[49.248s] INFO:colcon.colcon_core.shell:Creating environment descriptor '/home/ubuntu/ros2_ws/install/mini_pupper_dance/share/mini_pupper_dance/hook/ament_prefix_path.dsv'
[49.250s] INFO:colcon.colcon_core.shell:Creating environment hook '/home/ubuntu/ros2_ws/install/mini_pupper_dance/share/mini_pupper_dance/hook/ament_prefix_path.sh'
[49.263s] INFO:colcon.colcon_core.shell:Skip shell extension 'powershell' for command environment: Not usable outside of PowerShell
[49.264s] DEBUG:colcon.colcon_core.shell:Skip shell extension 'dsv' for command environment
[51.779s] INFO:colcon.colcon_core.task.python.build:Building Python package in '/home/ubuntu/ros2_ws/src/mini_pupper_ros/mini_pupper_dance'
[51.780s] INFO:colcon.colcon_core.shell:Skip shell extension 'powershell' for command environment: Not usable outside of PowerShell
[51.781s] DEBUG:colcon.colcon_core.shell:Skip shell extension 'dsv' for command environment
[52.599s] DEBUG:colcon.colcon_core.event_handler.log_command:Invoking command in '/home/ubuntu/ros2_ws/src/lab2task4': PYTHONPATH=/home/ubuntu/ros2_ws/build/lab2task4/prefix_override:/home/ubuntu/ros2_ws/install/lab2task4/lib/python3.10/site-packages:${PYTHONPATH} /usr/bin/python3 -W ignore:setup.py install is deprecated setup.py egg_info --egg-base ../../build/lab2task4 build --build-base /home/ubuntu/ros2_ws/build/lab2task4/build install --record /home/ubuntu/ros2_ws/build/lab2task4/install.log --single-version-externally-managed install_data
[53.858s] DEBUG:colcon.colcon_core.event_handler.log_command:Invoked command in '/home/ubuntu/ros2_ws/build/champ_base' returned '0': CMAKE_PREFIX_PATH=/home/ubuntu/ros2_ws/install/champ_msgs:/home/ubuntu/ros2_ws/install/champ:/home/ubuntu/ros2_ws/install/pupper_interfaces:/home/ubuntu/ros2_ws/install/mini_pupper_interfaces:/home/ubuntu/ros2_ws/install/mini_pupper_description:/home/ubuntu/ros2_ws/install/mini_pupper_bringup:/home/ubuntu/ros2_ws/install/mini_pupper_2_description:/home/ubuntu/ros2_ws/install/ldlidar_stl_ros2:/home/ubuntu/ros2_ws/install/champ_teleop:/home/ubuntu/ros2_ws/install/champ_bringup:/home/ubuntu/ros2_ws/install/champ_base:/home/ubuntu/ros2_ws/install/champ_description:/home/ubuntu/ros2_ws/install/champ_config:/home/ubuntu/ros2_ws/install/lab2task4:/home/ubuntu/ros2_ws/install/go_pupper_srv:/home/ubuntu/ros2_ws/install/mini_pupper_music:/home/ubuntu/ros2_ws/install/mini_pupper_dance:/home/ubuntu/ros2_ws/install/mini_pupper_driver:/opt/ros/humble LD_LIBRARY_PATH=/home/ubuntu/ros2_ws/install/champ_msgs/lib:/home/ubuntu/ros2_ws/install/pupper_interfaces/lib:/home/ubuntu/ros2_ws/install/mini_pupper_interfaces/lib:/home/ubuntu/ros2_ws/install/champ_base/lib:/opt/ros/humble/opt/rviz_ogre_vendor/lib:/opt/ros/humble/lib/aarch64-linux-gnu:/opt/ros/humble/lib /usr/bin/cmake /home/ubuntu/ros2_ws/src/champ/champ/champ_base -DCMAKE_INSTALL_PREFIX=/home/ubuntu/ros2_ws/install/champ_base
[53.870s] DEBUG:colcon.colcon_core.event_handler.log_command:Invoking command in '/home/ubuntu/ros2_ws/build/champ_base': CMAKE_PREFIX_PATH=/home/ubuntu/ros2_ws/install/champ_msgs:/home/ubuntu/ros2_ws/install/champ:/home/ubuntu/ros2_ws/install/pupper_interfaces:/home/ubuntu/ros2_ws/install/mini_pupper_interfaces:/home/ubuntu/ros2_ws/install/mini_pupper_description:/home/ubuntu/ros2_ws/install/mini_pupper_bringup:/home/ubuntu/ros2_ws/install/mini_pupper_2_description:/home/ubuntu/ros2_ws/install/ldlidar_stl_ros2:/home/ubuntu/ros2_ws/install/champ_teleop:/home/ubuntu/ros2_ws/install/champ_bringup:/home/ubuntu/ros2_ws/install/champ_base:/home/ubuntu/ros2_ws/install/champ_description:/home/ubuntu/ros2_ws/install/champ_config:/home/ubuntu/ros2_ws/install/lab2task4:/home/ubuntu/ros2_ws/install/go_pupper_srv:/home/ubuntu/ros2_ws/install/mini_pupper_music:/home/ubuntu/ros2_ws/install/mini_pupper_dance:/home/ubuntu/ros2_ws/install/mini_pupper_driver:/opt/ros/humble LD_LIBRARY_PATH=/home/ubuntu/ros2_ws/install/champ_msgs/lib:/home/ubuntu/ros2_ws/install/pupper_interfaces/lib:/home/ubuntu/ros2_ws/install/mini_pupper_interfaces/lib:/home/ubuntu/ros2_ws/install/champ_base/lib:/opt/ros/humble/opt/rviz_ogre_vendor/lib:/opt/ros/humble/lib/aarch64-linux-gnu:/opt/ros/humble/lib /usr/bin/cmake --build /home/ubuntu/ros2_ws/build/champ_base -- -j4 -l4
[55.264s] DEBUG:colcon.colcon_core.event_handler.log_command:Invoked command in '/home/ubuntu/ros2_ws/build/champ_base' returned '0': CMAKE_PREFIX_PATH=/home/ubuntu/ros2_ws/install/champ_msgs:/home/ubuntu/ros2_ws/install/champ:/home/ubuntu/ros2_ws/install/pupper_interfaces:/home/ubuntu/ros2_ws/install/mini_pupper_interfaces:/home/ubuntu/ros2_ws/install/mini_pupper_description:/home/ubuntu/ros2_ws/install/mini_pupper_bringup:/home/ubuntu/ros2_ws/install/mini_pupper_2_description:/home/ubuntu/ros2_ws/install/ldlidar_stl_ros2:/home/ubuntu/ros2_ws/install/champ_teleop:/home/ubuntu/ros2_ws/install/champ_bringup:/home/ubuntu/ros2_ws/install/champ_base:/home/ubuntu/ros2_ws/install/champ_description:/home/ubuntu/ros2_ws/install/champ_config:/home/ubuntu/ros2_ws/install/lab2task4:/home/ubuntu/ros2_ws/install/go_pupper_srv:/home/ubuntu/ros2_ws/install/mini_pupper_music:/home/ubuntu/ros2_ws/install/mini_pupper_dance:/home/ubuntu/ros2_ws/install/mini_pupper_driver:/opt/ros/humble LD_LIBRARY_PATH=/home/ubuntu/ros2_ws/install/champ_msgs/lib:/home/ubuntu/ros2_ws/install/pupper_interfaces/lib:/home/ubuntu/ros2_ws/install/mini_pupper_interfaces/lib:/home/ubuntu/ros2_ws/install/champ_base/lib:/opt/ros/humble/opt/rviz_ogre_vendor/lib:/opt/ros/humble/lib/aarch64-linux-gnu:/opt/ros/humble/lib /usr/bin/cmake --build /home/ubuntu/ros2_ws/build/champ_base -- -j4 -l4
[55.862s] DEBUG:colcon.colcon_core.event_handler.log_command:Invoking command in '/home/ubuntu/ros2_ws/build/champ_base': CMAKE_PREFIX_PATH=/home/ubuntu/ros2_ws/install/champ_msgs:/home/ubuntu/ros2_ws/install/champ:/home/ubuntu/ros2_ws/install/pupper_interfaces:/home/ubuntu/ros2_ws/install/mini_pupper_interfaces:/home/ubuntu/ros2_ws/install/mini_pupper_description:/home/ubuntu/ros2_ws/install/mini_pupper_bringup:/home/ubuntu/ros2_ws/install/mini_pupper_2_description:/home/ubuntu/ros2_ws/install/ldlidar_stl_ros2:/home/ubuntu/ros2_ws/install/champ_teleop:/home/ubuntu/ros2_ws/install/champ_bringup:/home/ubuntu/ros2_ws/install/champ_base:/home/ubuntu/ros2_ws/install/champ_description:/home/ubuntu/ros2_ws/install/champ_config:/home/ubuntu/ros2_ws/install/lab2task4:/home/ubuntu/ros2_ws/install/go_pupper_srv:/home/ubuntu/ros2_ws/install/mini_pupper_music:/home/ubuntu/ros2_ws/install/mini_pupper_dance:/home/ubuntu/ros2_ws/install/mini_pupper_driver:/opt/ros/humble LD_LIBRARY_PATH=/home/ubuntu/ros2_ws/install/champ_msgs/lib:/home/ubuntu/ros2_ws/install/pupper_interfaces/lib:/home/ubuntu/ros2_ws/install/mini_pupper_interfaces/lib:/home/ubuntu/ros2_ws/install/champ_base/lib:/opt/ros/humble/opt/rviz_ogre_vendor/lib:/opt/ros/humble/lib/aarch64-linux-gnu:/opt/ros/humble/lib /usr/bin/cmake --install /home/ubuntu/ros2_ws/build/champ_base
[56.148s] Level 1:colcon.colcon_core.environment:create_environment_scripts_only(champ_base)
[56.150s] Level 1:colcon.colcon_core.environment:checking '/home/ubuntu/ros2_ws/install/champ_base' for CMake module files
[56.153s] DEBUG:colcon.colcon_core.event_handler.log_command:Invoked command in '/home/ubuntu/ros2_ws/build/champ_base' returned '0': CMAKE_PREFIX_PATH=/home/ubuntu/ros2_ws/install/champ_msgs:/home/ubuntu/ros2_ws/install/champ:/home/ubuntu/ros2_ws/install/pupper_interfaces:/home/ubuntu/ros2_ws/install/mini_pupper_interfaces:/home/ubuntu/ros2_ws/install/mini_pupper_description:/home/ubuntu/ros2_ws/install/mini_pupper_bringup:/home/ubuntu/ros2_ws/install/mini_pupper_2_description:/home/ubuntu/ros2_ws/install/ldlidar_stl_ros2:/home/ubuntu/ros2_ws/install/champ_teleop:/home/ubuntu/ros2_ws/install/champ_bringup:/home/ubuntu/ros2_ws/install/champ_base:/home/ubuntu/ros2_ws/install/champ_description:/home/ubuntu/ros2_ws/install/champ_config:/home/ubuntu/ros2_ws/install/lab2task4:/home/ubuntu/ros2_ws/install/go_pupper_srv:/home/ubuntu/ros2_ws/install/mini_pupper_music:/home/ubuntu/ros2_ws/install/mini_pupper_dance:/home/ubuntu/ros2_ws/install/mini_pupper_driver:/opt/ros/humble LD_LIBRARY_PATH=/home/ubuntu/ros2_ws/install/champ_msgs/lib:/home/ubuntu/ros2_ws/install/pupper_interfaces/lib:/home/ubuntu/ros2_ws/install/mini_pupper_interfaces/lib:/home/ubuntu/ros2_ws/install/champ_base/lib:/opt/ros/humble/opt/rviz_ogre_vendor/lib:/opt/ros/humble/lib/aarch64-linux-gnu:/opt/ros/humble/lib /usr/bin/cmake --install /home/ubuntu/ros2_ws/build/champ_base
[56.171s] Level 1:colcon.colcon_core.environment:checking '/home/ubuntu/ros2_ws/install/champ_base' for CMake config files
[56.205s] Level 1:colcon.colcon_core.shell:create_environment_hook('champ_base', 'cmake_prefix_path')
[56.211s] INFO:colcon.colcon_core.shell:Creating environment hook '/home/ubuntu/ros2_ws/install/champ_base/share/champ_base/hook/cmake_prefix_path.ps1'
[56.220s] INFO:colcon.colcon_core.shell:Creating environment descriptor '/home/ubuntu/ros2_ws/install/champ_base/share/champ_base/hook/cmake_prefix_path.dsv'
[56.230s] INFO:colcon.colcon_core.shell:Creating environment hook '/home/ubuntu/ros2_ws/install/champ_base/share/champ_base/hook/cmake_prefix_path.sh'
[56.238s] Level 1:colcon.colcon_core.environment:checking '/home/ubuntu/ros2_ws/install/champ_base/lib'
[56.239s] Level 1:colcon.colcon_core.shell:create_environment_hook('champ_base', 'ld_library_path_lib')
[56.241s] INFO:colcon.colcon_core.shell:Creating environment hook '/home/ubuntu/ros2_ws/install/champ_base/share/champ_base/hook/ld_library_path_lib.ps1'
[56.247s] INFO:colcon.colcon_core.shell:Creating environment descriptor '/home/ubuntu/ros2_ws/install/champ_base/share/champ_base/hook/ld_library_path_lib.dsv'
[56.257s] INFO:colcon.colcon_core.shell:Creating environment hook '/home/ubuntu/ros2_ws/install/champ_base/share/champ_base/hook/ld_library_path_lib.sh'
[56.264s] Level 1:colcon.colcon_core.environment:checking '/home/ubuntu/ros2_ws/install/champ_base/bin'
[56.267s] Level 1:colcon.colcon_core.shell:create_environment_hook('champ_base', 'path')
[56.270s] INFO:colcon.colcon_core.shell:Creating environment hook '/home/ubuntu/ros2_ws/install/champ_base/share/champ_base/hook/path.ps1'
[56.280s] INFO:colcon.colcon_core.shell:Creating environment descriptor '/home/ubuntu/ros2_ws/install/champ_base/share/champ_base/hook/path.dsv'
[56.288s] INFO:colcon.colcon_core.shell:Creating environment hook '/home/ubuntu/ros2_ws/install/champ_base/share/champ_base/hook/path.sh'
[56.294s] Level 1:colcon.colcon_core.environment:checking '/home/ubuntu/ros2_ws/install/champ_base/lib/pkgconfig/champ_base.pc'
[56.297s] Level 1:colcon.colcon_core.environment:checking '/home/ubuntu/ros2_ws/install/champ_base/lib/python3.10/site-packages'
[56.300s] Level 1:colcon.colcon_core.environment:checking '/home/ubuntu/ros2_ws/install/champ_base/bin'
[56.301s] Level 1:colcon.colcon_core.shell:create_environment_hook('champ_base', 'pythonscriptspath')
[56.303s] INFO:colcon.colcon_core.shell:Creating environment hook '/home/ubuntu/ros2_ws/install/champ_base/share/champ_base/hook/pythonscriptspath.ps1'
[56.308s] INFO:colcon.colcon_core.shell:Creating environment descriptor '/home/ubuntu/ros2_ws/install/champ_base/share/champ_base/hook/pythonscriptspath.dsv'
[56.313s] INFO:colcon.colcon_core.shell:Creating environment hook '/home/ubuntu/ros2_ws/install/champ_base/share/champ_base/hook/pythonscriptspath.sh'
[56.320s] INFO:colcon.colcon_core.shell:Creating package script '/home/ubuntu/ros2_ws/install/champ_base/share/champ_base/package.ps1'
[56.334s] INFO:colcon.colcon_core.shell:Creating package descriptor '/home/ubuntu/ros2_ws/install/champ_base/share/champ_base/package.dsv'
[56.347s] INFO:colcon.colcon_core.shell:Creating package script '/home/ubuntu/ros2_ws/install/champ_base/share/champ_base/package.sh'
[56.357s] INFO:colcon.colcon_core.shell:Creating package script '/home/ubuntu/ros2_ws/install/champ_base/share/champ_base/package.bash'
[56.368s] INFO:colcon.colcon_core.shell:Creating package script '/home/ubuntu/ros2_ws/install/champ_base/share/champ_base/package.zsh'
[56.375s] Level 1:colcon.colcon_core.environment:create_file_with_runtime_dependencies(/home/ubuntu/ros2_ws/install/champ_base/share/colcon-core/packages/champ_base)
[56.464s] DEBUG:colcon.colcon_core.event_handler.log_command:Invoking command in '/home/ubuntu/ros2_ws/build/mini_pupper_dance': CMAKE_PREFIX_PATH=/home/ubuntu/ros2_ws/install/mini_pupper_interfaces:/home/ubuntu/ros2_ws/install/pupper_interfaces:/home/ubuntu/ros2_ws/install/mini_pupper_description:/home/ubuntu/ros2_ws/install/mini_pupper_bringup:/home/ubuntu/ros2_ws/install/mini_pupper_2_description:/home/ubuntu/ros2_ws/install/ldlidar_stl_ros2:/home/ubuntu/ros2_ws/install/champ_teleop:/home/ubuntu/ros2_ws/install/champ_bringup:/home/ubuntu/ros2_ws/install/champ_base:/home/ubuntu/ros2_ws/install/champ_msgs:/home/ubuntu/ros2_ws/install/champ_description:/home/ubuntu/ros2_ws/install/champ_config:/home/ubuntu/ros2_ws/install/champ LD_LIBRARY_PATH=/home/ubuntu/ros2_ws/install/mini_pupper_interfaces/lib:/home/ubuntu/ros2_ws/install/pupper_interfaces/lib:/home/ubuntu/ros2_ws/install/champ_base/lib:/home/ubuntu/ros2_ws/install/champ_msgs/lib:/opt/ros/humble/opt/rviz_ogre_vendor/lib:/opt/ros/humble/lib/aarch64-linux-gnu:/opt/ros/humble/lib PYTHONPATH=/home/ubuntu/ros2_ws/build/mini_pupper_dance/prefix_override:/home/ubuntu/ros2_ws/install/mini_pupper_dance/lib/python3.10/site-packages:${PYTHONPATH} /usr/bin/python3 -W ignore:setup.py install is deprecated setup.py develop --uninstall --editable --build-directory /home/ubuntu/ros2_ws/build/mini_pupper_dance/build
[56.870s] Level 1:colcon.colcon_core.environment:checking '/home/ubuntu/ros2_ws/install/lab2task4' for CMake module files
[56.874s] Level 1:colcon.colcon_core.environment:checking '/home/ubuntu/ros2_ws/install/lab2task4' for CMake config files
[56.877s] DEBUG:colcon.colcon_core.event_handler.log_command:Invoked command in '/home/ubuntu/ros2_ws/src/lab2task4' returned '0': PYTHONPATH=/home/ubuntu/ros2_ws/build/lab2task4/prefix_override:/home/ubuntu/ros2_ws/install/lab2task4/lib/python3.10/site-packages:${PYTHONPATH} /usr/bin/python3 -W ignore:setup.py install is deprecated setup.py egg_info --egg-base ../../build/lab2task4 build --build-base /home/ubuntu/ros2_ws/build/lab2task4/build install --record /home/ubuntu/ros2_ws/build/lab2task4/install.log --single-version-externally-managed install_data
[56.885s] Level 1:colcon.colcon_core.environment:checking '/home/ubuntu/ros2_ws/install/lab2task4/lib'
[56.886s] Level 1:colcon.colcon_core.environment:checking '/home/ubuntu/ros2_ws/install/lab2task4/bin'
[56.886s] Level 1:colcon.colcon_core.environment:checking '/home/ubuntu/ros2_ws/install/lab2task4/lib/pkgconfig/lab2task4.pc'
[56.889s] Level 1:colcon.colcon_core.environment:checking '/home/ubuntu/ros2_ws/install/lab2task4/lib/python3.10/site-packages'
[56.891s] Level 1:colcon.colcon_core.shell:create_environment_hook('lab2task4', 'pythonpath')
[56.895s] INFO:colcon.colcon_core.shell:Creating environment hook '/home/ubuntu/ros2_ws/install/lab2task4/share/lab2task4/hook/pythonpath.ps1'
[56.901s] INFO:colcon.colcon_core.shell:Creating environment descriptor '/home/ubuntu/ros2_ws/install/lab2task4/share/lab2task4/hook/pythonpath.dsv'
[56.906s] INFO:colcon.colcon_core.shell:Creating environment hook '/home/ubuntu/ros2_ws/install/lab2task4/share/lab2task4/hook/pythonpath.sh'
[56.919s] Level 1:colcon.colcon_core.environment:checking '/home/ubuntu/ros2_ws/install/lab2task4/bin'
[56.921s] Level 1:colcon.colcon_core.environment:create_environment_scripts_only(lab2task4)
[56.925s] INFO:colcon.colcon_core.shell:Creating package script '/home/ubuntu/ros2_ws/install/lab2task4/share/lab2task4/package.ps1'
[56.934s] INFO:colcon.colcon_core.shell:Creating package descriptor '/home/ubuntu/ros2_ws/install/lab2task4/share/lab2task4/package.dsv'
[56.940s] INFO:colcon.colcon_core.shell:Creating package script '/home/ubuntu/ros2_ws/install/lab2task4/share/lab2task4/package.sh'
[56.947s] INFO:colcon.colcon_core.shell:Creating package script '/home/ubuntu/ros2_ws/install/lab2task4/share/lab2task4/package.bash'
[56.952s] INFO:colcon.colcon_core.shell:Creating package script '/home/ubuntu/ros2_ws/install/lab2task4/share/lab2task4/package.zsh'
[56.956s] Level 1:colcon.colcon_core.environment:create_file_with_runtime_dependencies(/home/ubuntu/ros2_ws/install/lab2task4/share/colcon-core/packages/lab2task4)
[56.966s] Level 1:colcon.colcon_core.environment:create_environment_scripts_only(champ_base)
[56.968s] Level 1:colcon.colcon_core.environment:checking '/home/ubuntu/ros2_ws/install/champ_base' for CMake module files
[56.972s] Level 1:colcon.colcon_core.environment:checking '/home/ubuntu/ros2_ws/install/champ_base' for CMake config files
[56.975s] Level 1:colcon.colcon_core.shell:create_environment_hook('champ_base', 'cmake_prefix_path')
[56.977s] INFO:colcon.colcon_core.shell:Creating environment hook '/home/ubuntu/ros2_ws/install/champ_base/share/champ_base/hook/cmake_prefix_path.ps1'
[56.980s] INFO:colcon.colcon_core.shell:Creating environment descriptor '/home/ubuntu/ros2_ws/install/champ_base/share/champ_base/hook/cmake_prefix_path.dsv'
[56.982s] INFO:colcon.colcon_core.shell:Creating environment hook '/home/ubuntu/ros2_ws/install/champ_base/share/champ_base/hook/cmake_prefix_path.sh'
[56.999s] Level 1:colcon.colcon_core.environment:checking '/home/ubuntu/ros2_ws/install/champ_base/lib'
[57.000s] Level 1:colcon.colcon_core.shell:create_environment_hook('champ_base', 'ld_library_path_lib')
[57.002s] INFO:colcon.colcon_core.shell:Creating environment hook '/home/ubuntu/ros2_ws/install/champ_base/share/champ_base/hook/ld_library_path_lib.ps1'
[57.004s] INFO:colcon.colcon_core.shell:Creating environment descriptor '/home/ubuntu/ros2_ws/install/champ_base/share/champ_base/hook/ld_library_path_lib.dsv'
[57.007s] INFO:colcon.colcon_core.shell:Creating environment hook '/home/ubuntu/ros2_ws/install/champ_base/share/champ_base/hook/ld_library_path_lib.sh'
[57.010s] Level 1:colcon.colcon_core.environment:checking '/home/ubuntu/ros2_ws/install/champ_base/bin'
[57.011s] Level 1:colcon.colcon_core.shell:create_environment_hook('champ_base', 'path')
[57.014s] INFO:colcon.colcon_core.shell:Creating environment hook '/home/ubuntu/ros2_ws/install/champ_base/share/champ_base/hook/path.ps1'
[57.016s] INFO:colcon.colcon_core.shell:Creating environment descriptor '/home/ubuntu/ros2_ws/install/champ_base/share/champ_base/hook/path.dsv'
[57.018s] INFO:colcon.colcon_core.shell:Creating environment hook '/home/ubuntu/ros2_ws/install/champ_base/share/champ_base/hook/path.sh'
[57.021s] Level 1:colcon.colcon_core.environment:checking '/home/ubuntu/ros2_ws/install/champ_base/lib/pkgconfig/champ_base.pc'
[57.022s] Level 1:colcon.colcon_core.environment:checking '/home/ubuntu/ros2_ws/install/champ_base/lib/python3.10/site-packages'
[57.024s] Level 1:colcon.colcon_core.environment:checking '/home/ubuntu/ros2_ws/install/champ_base/bin'
[57.025s] Level 1:colcon.colcon_core.shell:create_environment_hook('champ_base', 'pythonscriptspath')
[57.026s] INFO:colcon.colcon_core.shell:Creating environment hook '/home/ubuntu/ros2_ws/install/champ_base/share/champ_base/hook/pythonscriptspath.ps1'
[57.029s] INFO:colcon.colcon_core.shell:Creating environment descriptor '/home/ubuntu/ros2_ws/install/champ_base/share/champ_base/hook/pythonscriptspath.dsv'
[57.032s] INFO:colcon.colcon_core.shell:Creating environment hook '/home/ubuntu/ros2_ws/install/champ_base/share/champ_base/hook/pythonscriptspath.sh'
[57.036s] INFO:colcon.colcon_core.shell:Creating package script '/home/ubuntu/ros2_ws/install/champ_base/share/champ_base/package.ps1'
[57.040s] INFO:colcon.colcon_core.shell:Creating package descriptor '/home/ubuntu/ros2_ws/install/champ_base/share/champ_base/package.dsv'
[57.043s] INFO:colcon.colcon_core.shell:Creating package script '/home/ubuntu/ros2_ws/install/champ_base/share/champ_base/package.sh'
[57.046s] INFO:colcon.colcon_core.shell:Creating package script '/home/ubuntu/ros2_ws/install/champ_base/share/champ_base/package.bash'
[57.049s] INFO:colcon.colcon_core.shell:Creating package script '/home/ubuntu/ros2_ws/install/champ_base/share/champ_base/package.zsh'
[57.052s] Level 1:colcon.colcon_core.environment:create_file_with_runtime_dependencies(/home/ubuntu/ros2_ws/install/champ_base/share/colcon-core/packages/champ_base)
[57.054s] INFO:colcon.colcon_ros.task.ament_cmake.build:Building ROS package in '/home/ubuntu/ros2_ws/src/champ/champ/champ_bringup' with build type 'ament_cmake'
[57.055s] INFO:colcon.colcon_cmake.task.cmake.build:Building CMake package in '/home/ubuntu/ros2_ws/src/champ/champ/champ_bringup'
[57.057s] INFO:colcon.colcon_core.shell:Skip shell extension 'powershell' for command environment: Not usable outside of PowerShell
[57.058s] DEBUG:colcon.colcon_core.shell:Skip shell extension 'dsv' for command environment
[57.107s] INFO:colcon.colcon_ros.task.ament_cmake.build:Building ROS package in '/home/ubuntu/ros2_ws/src/mini_pupper_ros/mini_pupper_bringup' with build type 'ament_cmake'
[57.108s] INFO:colcon.colcon_cmake.task.cmake.build:Building CMake package in '/home/ubuntu/ros2_ws/src/mini_pupper_ros/mini_pupper_bringup'
[57.109s] INFO:colcon.colcon_core.shell:Skip shell extension 'powershell' for command environment: Not usable outside of PowerShell
[57.109s] DEBUG:colcon.colcon_core.shell:Skip shell extension 'dsv' for command environment
[57.215s] DEBUG:colcon.colcon_core.event_handler.log_command:Invoking command in '/home/ubuntu/ros2_ws/build/champ_bringup': CMAKE_PREFIX_PATH=/home/ubuntu/ros2_ws/install/champ_base:/home/ubuntu/ros2_ws/install/champ_msgs:/home/ubuntu/ros2_ws/install/champ_description:/home/ubuntu/ros2_ws/install/champ:/home/ubuntu/ros2_ws/install/pupper_interfaces:/home/ubuntu/ros2_ws/install/mini_pupper_interfaces:/home/ubuntu/ros2_ws/install/mini_pupper_description:/home/ubuntu/ros2_ws/install/mini_pupper_bringup:/home/ubuntu/ros2_ws/install/mini_pupper_2_description:/home/ubuntu/ros2_ws/install/ldlidar_stl_ros2:/home/ubuntu/ros2_ws/install/champ_teleop:/home/ubuntu/ros2_ws/install/champ_bringup:/home/ubuntu/ros2_ws/install/champ_config:/home/ubuntu/ros2_ws/install/lab2task4:/home/ubuntu/ros2_ws/install/go_pupper_srv:/home/ubuntu/ros2_ws/install/mini_pupper_music:/home/ubuntu/ros2_ws/install/mini_pupper_dance:/home/ubuntu/ros2_ws/install/mini_pupper_driver:/opt/ros/humble LD_LIBRARY_PATH=/home/ubuntu/ros2_ws/install/champ_base/lib:/home/ubuntu/ros2_ws/install/champ_msgs/lib:/home/ubuntu/ros2_ws/install/pupper_interfaces/lib:/home/ubuntu/ros2_ws/install/mini_pupper_interfaces/lib:/opt/ros/humble/opt/rviz_ogre_vendor/lib:/opt/ros/humble/lib/aarch64-linux-gnu:/opt/ros/humble/lib /usr/bin/cmake /home/ubuntu/ros2_ws/src/champ/champ/champ_bringup -DCMAKE_INSTALL_PREFIX=/home/ubuntu/ros2_ws/install/champ_bringup
[57.243s] DEBUG:colcon.colcon_core.event_handler.log_command:Invoking command in '/home/ubuntu/ros2_ws/build/mini_pupper_bringup': CMAKE_PREFIX_PATH=/home/ubuntu/ros2_ws/install/champ_base:/home/ubuntu/ros2_ws/install/champ_msgs:/home/ubuntu/ros2_ws/install/champ:/home/ubuntu/ros2_ws/install/pupper_interfaces:/home/ubuntu/ros2_ws/install/mini_pupper_interfaces:/home/ubuntu/ros2_ws/install/mini_pupper_description:/home/ubuntu/ros2_ws/install/mini_pupper_bringup:/home/ubuntu/ros2_ws/install/mini_pupper_2_description:/home/ubuntu/ros2_ws/install/ldlidar_stl_ros2:/home/ubuntu/ros2_ws/install/champ_teleop:/home/ubuntu/ros2_ws/install/champ_bringup:/home/ubuntu/ros2_ws/install/champ_description:/home/ubuntu/ros2_ws/install/champ_config:/home/ubuntu/ros2_ws/install/lab2task4:/home/ubuntu/ros2_ws/install/go_pupper_srv:/home/ubuntu/ros2_ws/install/mini_pupper_music:/home/ubuntu/ros2_ws/install/mini_pupper_dance:/home/ubuntu/ros2_ws/install/mini_pupper_driver:/opt/ros/humble LD_LIBRARY_PATH=/home/ubuntu/ros2_ws/install/champ_base/lib:/home/ubuntu/ros2_ws/install/champ_msgs/lib:/home/ubuntu/ros2_ws/install/pupper_interfaces/lib:/home/ubuntu/ros2_ws/install/mini_pupper_interfaces/lib:/opt/ros/humble/opt/rviz_ogre_vendor/lib:/opt/ros/humble/lib/aarch64-linux-gnu:/opt/ros/humble/lib /usr/bin/cmake /home/ubuntu/ros2_ws/src/mini_pupper_ros/mini_pupper_bringup -DCMAKE_INSTALL_PREFIX=/home/ubuntu/ros2_ws/install/mini_pupper_bringup
[59.709s] DEBUG:colcon.colcon_core.event_handler.log_command:Invoked command in '/home/ubuntu/ros2_ws/build/mini_pupper_bringup' returned '0': CMAKE_PREFIX_PATH=/home/ubuntu/ros2_ws/install/champ_base:/home/ubuntu/ros2_ws/install/champ_msgs:/home/ubuntu/ros2_ws/install/champ:/home/ubuntu/ros2_ws/install/pupper_interfaces:/home/ubuntu/ros2_ws/install/mini_pupper_interfaces:/home/ubuntu/ros2_ws/install/mini_pupper_description:/home/ubuntu/ros2_ws/install/mini_pupper_bringup:/home/ubuntu/ros2_ws/install/mini_pupper_2_description:/home/ubuntu/ros2_ws/install/ldlidar_stl_ros2:/home/ubuntu/ros2_ws/install/champ_teleop:/home/ubuntu/ros2_ws/install/champ_bringup:/home/ubuntu/ros2_ws/install/champ_description:/home/ubuntu/ros2_ws/install/champ_config:/home/ubuntu/ros2_ws/install/lab2task4:/home/ubuntu/ros2_ws/install/go_pupper_srv:/home/ubuntu/ros2_ws/install/mini_pupper_music:/home/ubuntu/ros2_ws/install/mini_pupper_dance:/home/ubuntu/ros2_ws/install/mini_pupper_driver:/opt/ros/humble LD_LIBRARY_PATH=/home/ubuntu/ros2_ws/install/champ_base/lib:/home/ubuntu/ros2_ws/install/champ_msgs/lib:/home/ubuntu/ros2_ws/install/pupper_interfaces/lib:/home/ubuntu/ros2_ws/install/mini_pupper_interfaces/lib:/opt/ros/humble/opt/rviz_ogre_vendor/lib:/opt/ros/humble/lib/aarch64-linux-gnu:/opt/ros/humble/lib /usr/bin/cmake /home/ubuntu/ros2_ws/src/mini_pupper_ros/mini_pupper_bringup -DCMAKE_INSTALL_PREFIX=/home/ubuntu/ros2_ws/install/mini_pupper_bringup
[59.723s] DEBUG:colcon.colcon_core.event_handler.log_command:Invoking command in '/home/ubuntu/ros2_ws/build/mini_pupper_bringup': CMAKE_PREFIX_PATH=/home/ubuntu/ros2_ws/install/champ_base:/home/ubuntu/ros2_ws/install/champ_msgs:/home/ubuntu/ros2_ws/install/champ:/home/ubuntu/ros2_ws/install/pupper_interfaces:/home/ubuntu/ros2_ws/install/mini_pupper_interfaces:/home/ubuntu/ros2_ws/install/mini_pupper_description:/home/ubuntu/ros2_ws/install/mini_pupper_bringup:/home/ubuntu/ros2_ws/install/mini_pupper_2_description:/home/ubuntu/ros2_ws/install/ldlidar_stl_ros2:/home/ubuntu/ros2_ws/install/champ_teleop:/home/ubuntu/ros2_ws/install/champ_bringup:/home/ubuntu/ros2_ws/install/champ_description:/home/ubuntu/ros2_ws/install/champ_config:/home/ubuntu/ros2_ws/install/lab2task4:/home/ubuntu/ros2_ws/install/go_pupper_srv:/home/ubuntu/ros2_ws/install/mini_pupper_music:/home/ubuntu/ros2_ws/install/mini_pupper_dance:/home/ubuntu/ros2_ws/install/mini_pupper_driver:/opt/ros/humble LD_LIBRARY_PATH=/home/ubuntu/ros2_ws/install/champ_base/lib:/home/ubuntu/ros2_ws/install/champ_msgs/lib:/home/ubuntu/ros2_ws/install/pupper_interfaces/lib:/home/ubuntu/ros2_ws/install/mini_pupper_interfaces/lib:/opt/ros/humble/opt/rviz_ogre_vendor/lib:/opt/ros/humble/lib/aarch64-linux-gnu:/opt/ros/humble/lib /usr/bin/cmake --build /home/ubuntu/ros2_ws/build/mini_pupper_bringup -- -j4 -l4
[60.110s] DEBUG:colcon.colcon_core.event_handler.log_command:Invoked command in '/home/ubuntu/ros2_ws/build/mini_pupper_bringup' returned '0': CMAKE_PREFIX_PATH=/home/ubuntu/ros2_ws/install/champ_base:/home/ubuntu/ros2_ws/install/champ_msgs:/home/ubuntu/ros2_ws/install/champ:/home/ubuntu/ros2_ws/install/pupper_interfaces:/home/ubuntu/ros2_ws/install/mini_pupper_interfaces:/home/ubuntu/ros2_ws/install/mini_pupper_description:/home/ubuntu/ros2_ws/install/mini_pupper_bringup:/home/ubuntu/ros2_ws/install/mini_pupper_2_description:/home/ubuntu/ros2_ws/install/ldlidar_stl_ros2:/home/ubuntu/ros2_ws/install/champ_teleop:/home/ubuntu/ros2_ws/install/champ_bringup:/home/ubuntu/ros2_ws/install/champ_description:/home/ubuntu/ros2_ws/install/champ_config:/home/ubuntu/ros2_ws/install/lab2task4:/home/ubuntu/ros2_ws/install/go_pupper_srv:/home/ubuntu/ros2_ws/install/mini_pupper_music:/home/ubuntu/ros2_ws/install/mini_pupper_dance:/home/ubuntu/ros2_ws/install/mini_pupper_driver:/opt/ros/humble LD_LIBRARY_PATH=/home/ubuntu/ros2_ws/install/champ_base/lib:/home/ubuntu/ros2_ws/install/champ_msgs/lib:/home/ubuntu/ros2_ws/install/pupper_interfaces/lib:/home/ubuntu/ros2_ws/install/mini_pupper_interfaces/lib:/opt/ros/humble/opt/rviz_ogre_vendor/lib:/opt/ros/humble/lib/aarch64-linux-gnu:/opt/ros/humble/lib /usr/bin/cmake --build /home/ubuntu/ros2_ws/build/mini_pupper_bringup -- -j4 -l4
[60.431s] DEBUG:colcon.colcon_core.event_handler.log_command:Invoking command in '/home/ubuntu/ros2_ws/build/mini_pupper_bringup': CMAKE_PREFIX_PATH=/home/ubuntu/ros2_ws/install/champ_base:/home/ubuntu/ros2_ws/install/champ_msgs:/home/ubuntu/ros2_ws/install/champ:/home/ubuntu/ros2_ws/install/pupper_interfaces:/home/ubuntu/ros2_ws/install/mini_pupper_interfaces:/home/ubuntu/ros2_ws/install/mini_pupper_description:/home/ubuntu/ros2_ws/install/mini_pupper_bringup:/home/ubuntu/ros2_ws/install/mini_pupper_2_description:/home/ubuntu/ros2_ws/install/ldlidar_stl_ros2:/home/ubuntu/ros2_ws/install/champ_teleop:/home/ubuntu/ros2_ws/install/champ_bringup:/home/ubuntu/ros2_ws/install/champ_description:/home/ubuntu/ros2_ws/install/champ_config:/home/ubuntu/ros2_ws/install/lab2task4:/home/ubuntu/ros2_ws/install/go_pupper_srv:/home/ubuntu/ros2_ws/install/mini_pupper_music:/home/ubuntu/ros2_ws/install/mini_pupper_dance:/home/ubuntu/ros2_ws/install/mini_pupper_driver:/opt/ros/humble LD_LIBRARY_PATH=/home/ubuntu/ros2_ws/install/champ_base/lib:/home/ubuntu/ros2_ws/install/champ_msgs/lib:/home/ubuntu/ros2_ws/install/pupper_interfaces/lib:/home/ubuntu/ros2_ws/install/mini_pupper_interfaces/lib:/opt/ros/humble/opt/rviz_ogre_vendor/lib:/opt/ros/humble/lib/aarch64-linux-gnu:/opt/ros/humble/lib /usr/bin/cmake --install /home/ubuntu/ros2_ws/build/mini_pupper_bringup
[60.652s] Level 1:colcon.colcon_core.environment:create_environment_scripts_only(mini_pupper_bringup)
[60.654s] Level 1:colcon.colcon_core.environment:checking '/home/ubuntu/ros2_ws/install/mini_pupper_bringup' for CMake module files
[60.656s] DEBUG:colcon.colcon_core.event_handler.log_command:Invoked command in '/home/ubuntu/ros2_ws/build/mini_pupper_bringup' returned '0': CMAKE_PREFIX_PATH=/home/ubuntu/ros2_ws/install/champ_base:/home/ubuntu/ros2_ws/install/champ_msgs:/home/ubuntu/ros2_ws/install/champ:/home/ubuntu/ros2_ws/install/pupper_interfaces:/home/ubuntu/ros2_ws/install/mini_pupper_interfaces:/home/ubuntu/ros2_ws/install/mini_pupper_description:/home/ubuntu/ros2_ws/install/mini_pupper_bringup:/home/ubuntu/ros2_ws/install/mini_pupper_2_description:/home/ubuntu/ros2_ws/install/ldlidar_stl_ros2:/home/ubuntu/ros2_ws/install/champ_teleop:/home/ubuntu/ros2_ws/install/champ_bringup:/home/ubuntu/ros2_ws/install/champ_description:/home/ubuntu/ros2_ws/install/champ_config:/home/ubuntu/ros2_ws/install/lab2task4:/home/ubuntu/ros2_ws/install/go_pupper_srv:/home/ubuntu/ros2_ws/install/mini_pupper_music:/home/ubuntu/ros2_ws/install/mini_pupper_dance:/home/ubuntu/ros2_ws/install/mini_pupper_driver:/opt/ros/humble LD_LIBRARY_PATH=/home/ubuntu/ros2_ws/install/champ_base/lib:/home/ubuntu/ros2_ws/install/champ_msgs/lib:/home/ubuntu/ros2_ws/install/pupper_interfaces/lib:/home/ubuntu/ros2_ws/install/mini_pupper_interfaces/lib:/opt/ros/humble/opt/rviz_ogre_vendor/lib:/opt/ros/humble/lib/aarch64-linux-gnu:/opt/ros/humble/lib /usr/bin/cmake --install /home/ubuntu/ros2_ws/build/mini_pupper_bringup
[60.661s] Level 1:colcon.colcon_core.environment:checking '/home/ubuntu/ros2_ws/install/mini_pupper_bringup' for CMake config files
[60.675s] Level 1:colcon.colcon_core.shell:create_environment_hook('mini_pupper_bringup', 'cmake_prefix_path')
[60.676s] INFO:colcon.colcon_core.shell:Creating environment hook '/home/ubuntu/ros2_ws/install/mini_pupper_bringup/share/mini_pupper_bringup/hook/cmake_prefix_path.ps1'
[60.682s] INFO:colcon.colcon_core.shell:Creating environment descriptor '/home/ubuntu/ros2_ws/install/mini_pupper_bringup/share/mini_pupper_bringup/hook/cmake_prefix_path.dsv'
[60.686s] INFO:colcon.colcon_core.shell:Creating environment hook '/home/ubuntu/ros2_ws/install/mini_pupper_bringup/share/mini_pupper_bringup/hook/cmake_prefix_path.sh'
[60.689s] Level 1:colcon.colcon_core.environment:checking '/home/ubuntu/ros2_ws/install/mini_pupper_bringup/bin'
[60.690s] Level 1:colcon.colcon_core.environment:checking '/home/ubuntu/ros2_ws/install/mini_pupper_bringup/lib/pkgconfig/mini_pupper_bringup.pc'
[60.692s] Level 1:colcon.colcon_core.environment:checking '/home/ubuntu/ros2_ws/install/mini_pupper_bringup/lib/python3.10/site-packages'
[60.694s] Level 1:colcon.colcon_core.environment:checking '/home/ubuntu/ros2_ws/install/mini_pupper_bringup/bin'
[60.696s] INFO:colcon.colcon_core.shell:Creating package script '/home/ubuntu/ros2_ws/install/mini_pupper_bringup/share/mini_pupper_bringup/package.ps1'
[60.698s] INFO:colcon.colcon_core.shell:Creating package descriptor '/home/ubuntu/ros2_ws/install/mini_pupper_bringup/share/mini_pupper_bringup/package.dsv'
[60.702s] INFO:colcon.colcon_core.shell:Creating package script '/home/ubuntu/ros2_ws/install/mini_pupper_bringup/share/mini_pupper_bringup/package.sh'
[60.705s] INFO:colcon.colcon_core.shell:Creating package script '/home/ubuntu/ros2_ws/install/mini_pupper_bringup/share/mini_pupper_bringup/package.bash'
[60.708s] INFO:colcon.colcon_core.shell:Creating package script '/home/ubuntu/ros2_ws/install/mini_pupper_bringup/share/mini_pupper_bringup/package.zsh'
[60.711s] Level 1:colcon.colcon_core.environment:create_file_with_runtime_dependencies(/home/ubuntu/ros2_ws/install/mini_pupper_bringup/share/colcon-core/packages/mini_pupper_bringup)
[60.751s] DEBUG:colcon.colcon_core.event_handler.log_command:Invoked command in '/home/ubuntu/ros2_ws/build/champ_bringup' returned '0': CMAKE_PREFIX_PATH=/home/ubuntu/ros2_ws/install/champ_base:/home/ubuntu/ros2_ws/install/champ_msgs:/home/ubuntu/ros2_ws/install/champ_description:/home/ubuntu/ros2_ws/install/champ:/home/ubuntu/ros2_ws/install/pupper_interfaces:/home/ubuntu/ros2_ws/install/mini_pupper_interfaces:/home/ubuntu/ros2_ws/install/mini_pupper_description:/home/ubuntu/ros2_ws/install/mini_pupper_bringup:/home/ubuntu/ros2_ws/install/mini_pupper_2_description:/home/ubuntu/ros2_ws/install/ldlidar_stl_ros2:/home/ubuntu/ros2_ws/install/champ_teleop:/home/ubuntu/ros2_ws/install/champ_bringup:/home/ubuntu/ros2_ws/install/champ_config:/home/ubuntu/ros2_ws/install/lab2task4:/home/ubuntu/ros2_ws/install/go_pupper_srv:/home/ubuntu/ros2_ws/install/mini_pupper_music:/home/ubuntu/ros2_ws/install/mini_pupper_dance:/home/ubuntu/ros2_ws/install/mini_pupper_driver:/opt/ros/humble LD_LIBRARY_PATH=/home/ubuntu/ros2_ws/install/champ_base/lib:/home/ubuntu/ros2_ws/install/champ_msgs/lib:/home/ubuntu/ros2_ws/install/pupper_interfaces/lib:/home/ubuntu/ros2_ws/install/mini_pupper_interfaces/lib:/opt/ros/humble/opt/rviz_ogre_vendor/lib:/opt/ros/humble/lib/aarch64-linux-gnu:/opt/ros/humble/lib /usr/bin/cmake /home/ubuntu/ros2_ws/src/champ/champ/champ_bringup -DCMAKE_INSTALL_PREFIX=/home/ubuntu/ros2_ws/install/champ_bringup
[60.756s] DEBUG:colcon.colcon_core.event_handler.log_command:Invoking command in '/home/ubuntu/ros2_ws/build/champ_bringup': CMAKE_PREFIX_PATH=/home/ubuntu/ros2_ws/install/champ_base:/home/ubuntu/ros2_ws/install/champ_msgs:/home/ubuntu/ros2_ws/install/champ_description:/home/ubuntu/ros2_ws/install/champ:/home/ubuntu/ros2_ws/install/pupper_interfaces:/home/ubuntu/ros2_ws/install/mini_pupper_interfaces:/home/ubuntu/ros2_ws/install/mini_pupper_description:/home/ubuntu/ros2_ws/install/mini_pupper_bringup:/home/ubuntu/ros2_ws/install/mini_pupper_2_description:/home/ubuntu/ros2_ws/install/ldlidar_stl_ros2:/home/ubuntu/ros2_ws/install/champ_teleop:/home/ubuntu/ros2_ws/install/champ_bringup:/home/ubuntu/ros2_ws/install/champ_config:/home/ubuntu/ros2_ws/install/lab2task4:/home/ubuntu/ros2_ws/install/go_pupper_srv:/home/ubuntu/ros2_ws/install/mini_pupper_music:/home/ubuntu/ros2_ws/install/mini_pupper_dance:/home/ubuntu/ros2_ws/install/mini_pupper_driver:/opt/ros/humble LD_LIBRARY_PATH=/home/ubuntu/ros2_ws/install/champ_base/lib:/home/ubuntu/ros2_ws/install/champ_msgs/lib:/home/ubuntu/ros2_ws/install/pupper_interfaces/lib:/home/ubuntu/ros2_ws/install/mini_pupper_interfaces/lib:/opt/ros/humble/opt/rviz_ogre_vendor/lib:/opt/ros/humble/lib/aarch64-linux-gnu:/opt/ros/humble/lib /usr/bin/cmake --build /home/ubuntu/ros2_ws/build/champ_bringup -- -j4 -l4
[60.971s] Level 1:colcon.colcon_core.environment:create_environment_scripts_only(mini_pupper_bringup)
[60.972s] Level 1:colcon.colcon_core.environment:checking '/home/ubuntu/ros2_ws/install/mini_pupper_bringup' for CMake module files
[60.976s] Level 1:colcon.colcon_core.environment:checking '/home/ubuntu/ros2_ws/install/mini_pupper_bringup' for CMake config files
[60.979s] Level 1:colcon.colcon_core.shell:create_environment_hook('mini_pupper_bringup', 'cmake_prefix_path')
[60.981s] INFO:colcon.colcon_core.shell:Creating environment hook '/home/ubuntu/ros2_ws/install/mini_pupper_bringup/share/mini_pupper_bringup/hook/cmake_prefix_path.ps1'
[60.984s] INFO:colcon.colcon_core.shell:Creating environment descriptor '/home/ubuntu/ros2_ws/install/mini_pupper_bringup/share/mini_pupper_bringup/hook/cmake_prefix_path.dsv'
[60.987s] INFO:colcon.colcon_core.shell:Creating environment hook '/home/ubuntu/ros2_ws/install/mini_pupper_bringup/share/mini_pupper_bringup/hook/cmake_prefix_path.sh'
[60.991s] Level 1:colcon.colcon_core.environment:checking '/home/ubuntu/ros2_ws/install/mini_pupper_bringup/bin'
[60.991s] Level 1:colcon.colcon_core.environment:checking '/home/ubuntu/ros2_ws/install/mini_pupper_bringup/lib/pkgconfig/mini_pupper_bringup.pc'
[60.994s] Level 1:colcon.colcon_core.environment:checking '/home/ubuntu/ros2_ws/install/mini_pupper_bringup/lib/python3.10/site-packages'
[60.995s] Level 1:colcon.colcon_core.environment:checking '/home/ubuntu/ros2_ws/install/mini_pupper_bringup/bin'
[60.997s] INFO:colcon.colcon_core.shell:Creating package script '/home/ubuntu/ros2_ws/install/mini_pupper_bringup/share/mini_pupper_bringup/package.ps1'
[61.003s] INFO:colcon.colcon_core.shell:Creating package descriptor '/home/ubuntu/ros2_ws/install/mini_pupper_bringup/share/mini_pupper_bringup/package.dsv'
[61.006s] INFO:colcon.colcon_core.shell:Creating package script '/home/ubuntu/ros2_ws/install/mini_pupper_bringup/share/mini_pupper_bringup/package.sh'
[61.009s] INFO:colcon.colcon_core.shell:Creating package script '/home/ubuntu/ros2_ws/install/mini_pupper_bringup/share/mini_pupper_bringup/package.bash'
[61.012s] INFO:colcon.colcon_core.shell:Creating package script '/home/ubuntu/ros2_ws/install/mini_pupper_bringup/share/mini_pupper_bringup/package.zsh'
[61.014s] Level 1:colcon.colcon_core.environment:create_file_with_runtime_dependencies(/home/ubuntu/ros2_ws/install/mini_pupper_bringup/share/colcon-core/packages/mini_pupper_bringup)
[62.313s] DEBUG:colcon.colcon_core.event_handler.log_command:Invoked command in '/home/ubuntu/ros2_ws/build/mini_pupper_dance' returned '0': CMAKE_PREFIX_PATH=/home/ubuntu/ros2_ws/install/mini_pupper_interfaces:/home/ubuntu/ros2_ws/install/pupper_interfaces:/home/ubuntu/ros2_ws/install/mini_pupper_description:/home/ubuntu/ros2_ws/install/mini_pupper_bringup:/home/ubuntu/ros2_ws/install/mini_pupper_2_description:/home/ubuntu/ros2_ws/install/ldlidar_stl_ros2:/home/ubuntu/ros2_ws/install/champ_teleop:/home/ubuntu/ros2_ws/install/champ_bringup:/home/ubuntu/ros2_ws/install/champ_base:/home/ubuntu/ros2_ws/install/champ_msgs:/home/ubuntu/ros2_ws/install/champ_description:/home/ubuntu/ros2_ws/install/champ_config:/home/ubuntu/ros2_ws/install/champ LD_LIBRARY_PATH=/home/ubuntu/ros2_ws/install/mini_pupper_interfaces/lib:/home/ubuntu/ros2_ws/install/pupper_interfaces/lib:/home/ubuntu/ros2_ws/install/champ_base/lib:/home/ubuntu/ros2_ws/install/champ_msgs/lib:/opt/ros/humble/opt/rviz_ogre_vendor/lib:/opt/ros/humble/lib/aarch64-linux-gnu:/opt/ros/humble/lib PYTHONPATH=/home/ubuntu/ros2_ws/build/mini_pupper_dance/prefix_override:/home/ubuntu/ros2_ws/install/mini_pupper_dance/lib/python3.10/site-packages:${PYTHONPATH} /usr/bin/python3 -W ignore:setup.py install is deprecated setup.py develop --uninstall --editable --build-directory /home/ubuntu/ros2_ws/build/mini_pupper_dance/build
[62.317s] DEBUG:colcon.colcon_core.event_handler.log_command:Invoking command in '/home/ubuntu/ros2_ws/src/mini_pupper_ros/mini_pupper_dance': CMAKE_PREFIX_PATH=/home/ubuntu/ros2_ws/install/mini_pupper_interfaces:/home/ubuntu/ros2_ws/install/pupper_interfaces:/home/ubuntu/ros2_ws/install/mini_pupper_description:/home/ubuntu/ros2_ws/install/mini_pupper_bringup:/home/ubuntu/ros2_ws/install/mini_pupper_2_description:/home/ubuntu/ros2_ws/install/ldlidar_stl_ros2:/home/ubuntu/ros2_ws/install/champ_teleop:/home/ubuntu/ros2_ws/install/champ_bringup:/home/ubuntu/ros2_ws/install/champ_base:/home/ubuntu/ros2_ws/install/champ_msgs:/home/ubuntu/ros2_ws/install/champ_description:/home/ubuntu/ros2_ws/install/champ_config:/home/ubuntu/ros2_ws/install/champ LD_LIBRARY_PATH=/home/ubuntu/ros2_ws/install/mini_pupper_interfaces/lib:/home/ubuntu/ros2_ws/install/pupper_interfaces/lib:/home/ubuntu/ros2_ws/install/champ_base/lib:/home/ubuntu/ros2_ws/install/champ_msgs/lib:/opt/ros/humble/opt/rviz_ogre_vendor/lib:/opt/ros/humble/lib/aarch64-linux-gnu:/opt/ros/humble/lib PYTHONPATH=/home/ubuntu/ros2_ws/build/mini_pupper_dance/prefix_override:/home/ubuntu/ros2_ws/install/mini_pupper_dance/lib/python3.10/site-packages:${PYTHONPATH} /usr/bin/python3 -W ignore:setup.py install is deprecated setup.py egg_info --egg-base ../../../build/mini_pupper_dance build --build-base /home/ubuntu/ros2_ws/build/mini_pupper_dance/build install --record /home/ubuntu/ros2_ws/build/mini_pupper_dance/install.log --single-version-externally-managed install_data --force
[64.021s] DEBUG:colcon.colcon_core.event_handler.log_command:Invoked command in '/home/ubuntu/ros2_ws/build/champ_bringup' returned '0': CMAKE_PREFIX_PATH=/home/ubuntu/ros2_ws/install/champ_base:/home/ubuntu/ros2_ws/install/champ_msgs:/home/ubuntu/ros2_ws/install/champ_description:/home/ubuntu/ros2_ws/install/champ:/home/ubuntu/ros2_ws/install/pupper_interfaces:/home/ubuntu/ros2_ws/install/mini_pupper_interfaces:/home/ubuntu/ros2_ws/install/mini_pupper_description:/home/ubuntu/ros2_ws/install/mini_pupper_bringup:/home/ubuntu/ros2_ws/install/mini_pupper_2_description:/home/ubuntu/ros2_ws/install/ldlidar_stl_ros2:/home/ubuntu/ros2_ws/install/champ_teleop:/home/ubuntu/ros2_ws/install/champ_bringup:/home/ubuntu/ros2_ws/install/champ_config:/home/ubuntu/ros2_ws/install/lab2task4:/home/ubuntu/ros2_ws/install/go_pupper_srv:/home/ubuntu/ros2_ws/install/mini_pupper_music:/home/ubuntu/ros2_ws/install/mini_pupper_dance:/home/ubuntu/ros2_ws/install/mini_pupper_driver:/opt/ros/humble LD_LIBRARY_PATH=/home/ubuntu/ros2_ws/install/champ_base/lib:/home/ubuntu/ros2_ws/install/champ_msgs/lib:/home/ubuntu/ros2_ws/install/pupper_interfaces/lib:/home/ubuntu/ros2_ws/install/mini_pupper_interfaces/lib:/opt/ros/humble/opt/rviz_ogre_vendor/lib:/opt/ros/humble/lib/aarch64-linux-gnu:/opt/ros/humble/lib /usr/bin/cmake --build /home/ubuntu/ros2_ws/build/champ_bringup -- -j4 -l4
[64.265s] DEBUG:colcon.colcon_core.event_handler.log_command:Invoking command in '/home/ubuntu/ros2_ws/build/champ_bringup': CMAKE_PREFIX_PATH=/home/ubuntu/ros2_ws/install/champ_base:/home/ubuntu/ros2_ws/install/champ_msgs:/home/ubuntu/ros2_ws/install/champ_description:/home/ubuntu/ros2_ws/install/champ:/home/ubuntu/ros2_ws/install/pupper_interfaces:/home/ubuntu/ros2_ws/install/mini_pupper_interfaces:/home/ubuntu/ros2_ws/install/mini_pupper_description:/home/ubuntu/ros2_ws/install/mini_pupper_bringup:/home/ubuntu/ros2_ws/install/mini_pupper_2_description:/home/ubuntu/ros2_ws/install/ldlidar_stl_ros2:/home/ubuntu/ros2_ws/install/champ_teleop:/home/ubuntu/ros2_ws/install/champ_bringup:/home/ubuntu/ros2_ws/install/champ_config:/home/ubuntu/ros2_ws/install/lab2task4:/home/ubuntu/ros2_ws/install/go_pupper_srv:/home/ubuntu/ros2_ws/install/mini_pupper_music:/home/ubuntu/ros2_ws/install/mini_pupper_dance:/home/ubuntu/ros2_ws/install/mini_pupper_driver:/opt/ros/humble LD_LIBRARY_PATH=/home/ubuntu/ros2_ws/install/champ_base/lib:/home/ubuntu/ros2_ws/install/champ_msgs/lib:/home/ubuntu/ros2_ws/install/pupper_interfaces/lib:/home/ubuntu/ros2_ws/install/mini_pupper_interfaces/lib:/opt/ros/humble/opt/rviz_ogre_vendor/lib:/opt/ros/humble/lib/aarch64-linux-gnu:/opt/ros/humble/lib /usr/bin/cmake --install /home/ubuntu/ros2_ws/build/champ_bringup
[64.926s] Level 1:colcon.colcon_core.environment:checking '/home/ubuntu/ros2_ws/install/mini_pupper_dance' for CMake module files
[64.929s] Level 1:colcon.colcon_core.environment:checking '/home/ubuntu/ros2_ws/install/mini_pupper_dance' for CMake config files
[64.932s] DEBUG:colcon.colcon_core.event_handler.log_command:Invoked command in '/home/ubuntu/ros2_ws/src/mini_pupper_ros/mini_pupper_dance' returned '0': CMAKE_PREFIX_PATH=/home/ubuntu/ros2_ws/install/mini_pupper_interfaces:/home/ubuntu/ros2_ws/install/pupper_interfaces:/home/ubuntu/ros2_ws/install/mini_pupper_description:/home/ubuntu/ros2_ws/install/mini_pupper_bringup:/home/ubuntu/ros2_ws/install/mini_pupper_2_description:/home/ubuntu/ros2_ws/install/ldlidar_stl_ros2:/home/ubuntu/ros2_ws/install/champ_teleop:/home/ubuntu/ros2_ws/install/champ_bringup:/home/ubuntu/ros2_ws/install/champ_base:/home/ubuntu/ros2_ws/install/champ_msgs:/home/ubuntu/ros2_ws/install/champ_description:/home/ubuntu/ros2_ws/install/champ_config:/home/ubuntu/ros2_ws/install/champ LD_LIBRARY_PATH=/home/ubuntu/ros2_ws/install/mini_pupper_interfaces/lib:/home/ubuntu/ros2_ws/install/pupper_interfaces/lib:/home/ubuntu/ros2_ws/install/champ_base/lib:/home/ubuntu/ros2_ws/install/champ_msgs/lib:/opt/ros/humble/opt/rviz_ogre_vendor/lib:/opt/ros/humble/lib/aarch64-linux-gnu:/opt/ros/humble/lib PYTHONPATH=/home/ubuntu/ros2_ws/build/mini_pupper_dance/prefix_override:/home/ubuntu/ros2_ws/install/mini_pupper_dance/lib/python3.10/site-packages:${PYTHONPATH} /usr/bin/python3 -W ignore:setup.py install is deprecated setup.py egg_info --egg-base ../../../build/mini_pupper_dance build --build-base /home/ubuntu/ros2_ws/build/mini_pupper_dance/build install --record /home/ubuntu/ros2_ws/build/mini_pupper_dance/install.log --single-version-externally-managed install_data --force
[64.944s] Level 1:colcon.colcon_core.environment:checking '/home/ubuntu/ros2_ws/install/mini_pupper_dance/lib'
[64.945s] Level 1:colcon.colcon_core.environment:checking '/home/ubuntu/ros2_ws/install/mini_pupper_dance/bin'
[64.946s] Level 1:colcon.colcon_core.environment:checking '/home/ubuntu/ros2_ws/install/mini_pupper_dance/lib/pkgconfig/mini_pupper_dance.pc'
[64.948s] Level 1:colcon.colcon_core.environment:checking '/home/ubuntu/ros2_ws/install/mini_pupper_dance/lib/python3.10/site-packages'
[64.949s] Level 1:colcon.colcon_core.shell:create_environment_hook('mini_pupper_dance', 'pythonpath')
[64.950s] INFO:colcon.colcon_core.shell:Creating environment hook '/home/ubuntu/ros2_ws/install/mini_pupper_dance/share/mini_pupper_dance/hook/pythonpath.ps1'
[64.953s] INFO:colcon.colcon_core.shell:Creating environment descriptor '/home/ubuntu/ros2_ws/install/mini_pupper_dance/share/mini_pupper_dance/hook/pythonpath.dsv'
[64.955s] INFO:colcon.colcon_core.shell:Creating environment hook '/home/ubuntu/ros2_ws/install/mini_pupper_dance/share/mini_pupper_dance/hook/pythonpath.sh'
[64.960s] Level 1:colcon.colcon_core.environment:checking '/home/ubuntu/ros2_ws/install/mini_pupper_dance/bin'
[64.961s] Level 1:colcon.colcon_core.environment:create_environment_scripts_only(mini_pupper_dance)
[64.962s] INFO:colcon.colcon_core.shell:Creating package script '/home/ubuntu/ros2_ws/install/mini_pupper_dance/share/mini_pupper_dance/package.ps1'
[64.966s] INFO:colcon.colcon_core.shell:Creating package descriptor '/home/ubuntu/ros2_ws/install/mini_pupper_dance/share/mini_pupper_dance/package.dsv'
[64.969s] INFO:colcon.colcon_core.shell:Creating package script '/home/ubuntu/ros2_ws/install/mini_pupper_dance/share/mini_pupper_dance/package.sh'
[64.972s] INFO:colcon.colcon_core.shell:Creating package script '/home/ubuntu/ros2_ws/install/mini_pupper_dance/share/mini_pupper_dance/package.bash'
[64.975s] INFO:colcon.colcon_core.shell:Creating package script '/home/ubuntu/ros2_ws/install/mini_pupper_dance/share/mini_pupper_dance/package.zsh'
[64.979s] Level 1:colcon.colcon_core.environment:create_file_with_runtime_dependencies(/home/ubuntu/ros2_ws/install/mini_pupper_dance/share/colcon-core/packages/mini_pupper_dance)
[65.066s] Level 1:colcon.colcon_core.environment:create_environment_scripts_only(champ_bringup)
[65.068s] Level 1:colcon.colcon_core.environment:checking '/home/ubuntu/ros2_ws/install/champ_bringup' for CMake module files
[65.071s] DEBUG:colcon.colcon_core.event_handler.log_command:Invoked command in '/home/ubuntu/ros2_ws/build/champ_bringup' returned '0': CMAKE_PREFIX_PATH=/home/ubuntu/ros2_ws/install/champ_base:/home/ubuntu/ros2_ws/install/champ_msgs:/home/ubuntu/ros2_ws/install/champ_description:/home/ubuntu/ros2_ws/install/champ:/home/ubuntu/ros2_ws/install/pupper_interfaces:/home/ubuntu/ros2_ws/install/mini_pupper_interfaces:/home/ubuntu/ros2_ws/install/mini_pupper_description:/home/ubuntu/ros2_ws/install/mini_pupper_bringup:/home/ubuntu/ros2_ws/install/mini_pupper_2_description:/home/ubuntu/ros2_ws/install/ldlidar_stl_ros2:/home/ubuntu/ros2_ws/install/champ_teleop:/home/ubuntu/ros2_ws/install/champ_bringup:/home/ubuntu/ros2_ws/install/champ_config:/home/ubuntu/ros2_ws/install/lab2task4:/home/ubuntu/ros2_ws/install/go_pupper_srv:/home/ubuntu/ros2_ws/install/mini_pupper_music:/home/ubuntu/ros2_ws/install/mini_pupper_dance:/home/ubuntu/ros2_ws/install/mini_pupper_driver:/opt/ros/humble LD_LIBRARY_PATH=/home/ubuntu/ros2_ws/install/champ_base/lib:/home/ubuntu/ros2_ws/install/champ_msgs/lib:/home/ubuntu/ros2_ws/install/pupper_interfaces/lib:/home/ubuntu/ros2_ws/install/mini_pupper_interfaces/lib:/opt/ros/humble/opt/rviz_ogre_vendor/lib:/opt/ros/humble/lib/aarch64-linux-gnu:/opt/ros/humble/lib /usr/bin/cmake --install /home/ubuntu/ros2_ws/build/champ_bringup
[65.077s] Level 1:colcon.colcon_core.environment:checking '/home/ubuntu/ros2_ws/install/champ_bringup' for CMake config files
[65.086s] Level 1:colcon.colcon_core.shell:create_environment_hook('champ_bringup', 'cmake_prefix_path')
[65.087s] INFO:colcon.colcon_core.shell:Creating environment hook '/home/ubuntu/ros2_ws/install/champ_bringup/share/champ_bringup/hook/cmake_prefix_path.ps1'
[65.091s] INFO:colcon.colcon_core.shell:Creating environment descriptor '/home/ubuntu/ros2_ws/install/champ_bringup/share/champ_bringup/hook/cmake_prefix_path.dsv'
[65.094s] INFO:colcon.colcon_core.shell:Creating environment hook '/home/ubuntu/ros2_ws/install/champ_bringup/share/champ_bringup/hook/cmake_prefix_path.sh'
[65.098s] Level 1:colcon.colcon_core.environment:checking '/home/ubuntu/ros2_ws/install/champ_bringup/lib'
[65.098s] Level 1:colcon.colcon_core.environment:checking '/home/ubuntu/ros2_ws/install/champ_bringup/bin'
[65.099s] Level 1:colcon.colcon_core.environment:checking '/home/ubuntu/ros2_ws/install/champ_bringup/lib/pkgconfig/champ_bringup.pc'
[65.100s] Level 1:colcon.colcon_core.environment:checking '/home/ubuntu/ros2_ws/install/champ_bringup/lib/python3.10/site-packages'
[65.102s] Level 1:colcon.colcon_core.environment:checking '/home/ubuntu/ros2_ws/install/champ_bringup/bin'
[65.104s] INFO:colcon.colcon_core.shell:Creating package script '/home/ubuntu/ros2_ws/install/champ_bringup/share/champ_bringup/package.ps1'
[65.106s] INFO:colcon.colcon_core.shell:Creating package descriptor '/home/ubuntu/ros2_ws/install/champ_bringup/share/champ_bringup/package.dsv'
[65.109s] INFO:colcon.colcon_core.shell:Creating package script '/home/ubuntu/ros2_ws/install/champ_bringup/share/champ_bringup/package.sh'
[65.111s] INFO:colcon.colcon_core.shell:Creating package script '/home/ubuntu/ros2_ws/install/champ_bringup/share/champ_bringup/package.bash'
[65.114s] INFO:colcon.colcon_core.shell:Creating package script '/home/ubuntu/ros2_ws/install/champ_bringup/share/champ_bringup/package.zsh'
[65.116s] Level 1:colcon.colcon_core.environment:create_file_with_runtime_dependencies(/home/ubuntu/ros2_ws/install/champ_bringup/share/colcon-core/packages/champ_bringup)
[65.318s] Level 1:colcon.colcon_core.environment:create_environment_scripts_only(champ_bringup)
[65.320s] Level 1:colcon.colcon_core.environment:checking '/home/ubuntu/ros2_ws/install/champ_bringup' for CMake module files
[65.323s] Level 1:colcon.colcon_core.environment:checking '/home/ubuntu/ros2_ws/install/champ_bringup' for CMake config files
[65.329s] Level 1:colcon.colcon_core.shell:create_environment_hook('champ_bringup', 'cmake_prefix_path')
[65.330s] INFO:colcon.colcon_core.shell:Creating environment hook '/home/ubuntu/ros2_ws/install/champ_bringup/share/champ_bringup/hook/cmake_prefix_path.ps1'
[65.333s] INFO:colcon.colcon_core.shell:Creating environment descriptor '/home/ubuntu/ros2_ws/install/champ_bringup/share/champ_bringup/hook/cmake_prefix_path.dsv'
[65.336s] INFO:colcon.colcon_core.shell:Creating environment hook '/home/ubuntu/ros2_ws/install/champ_bringup/share/champ_bringup/hook/cmake_prefix_path.sh'
[65.340s] Level 1:colcon.colcon_core.environment:checking '/home/ubuntu/ros2_ws/install/champ_bringup/lib'
[65.341s] Level 1:colcon.colcon_core.environment:checking '/home/ubuntu/ros2_ws/install/champ_bringup/bin'
[65.341s] Level 1:colcon.colcon_core.environment:checking '/home/ubuntu/ros2_ws/install/champ_bringup/lib/pkgconfig/champ_bringup.pc'
[65.342s] Level 1:colcon.colcon_core.environment:checking '/home/ubuntu/ros2_ws/install/champ_bringup/lib/python3.10/site-packages'
[65.344s] Level 1:colcon.colcon_core.environment:checking '/home/ubuntu/ros2_ws/install/champ_bringup/bin'
[65.346s] INFO:colcon.colcon_core.shell:Creating package script '/home/ubuntu/ros2_ws/install/champ_bringup/share/champ_bringup/package.ps1'
[65.349s] INFO:colcon.colcon_core.shell:Creating package descriptor '/home/ubuntu/ros2_ws/install/champ_bringup/share/champ_bringup/package.dsv'
[65.352s] INFO:colcon.colcon_core.shell:Creating package script '/home/ubuntu/ros2_ws/install/champ_bringup/share/champ_bringup/package.sh'
[65.355s] INFO:colcon.colcon_core.shell:Creating package script '/home/ubuntu/ros2_ws/install/champ_bringup/share/champ_bringup/package.bash'
[65.358s] INFO:colcon.colcon_core.shell:Creating package script '/home/ubuntu/ros2_ws/install/champ_bringup/share/champ_bringup/package.zsh'
[65.360s] Level 1:colcon.colcon_core.environment:create_file_with_runtime_dependencies(/home/ubuntu/ros2_ws/install/champ_bringup/share/colcon-core/packages/champ_bringup)
[65.362s] DEBUG:colcon.colcon_parallel_executor.executor.parallel:closing loop
[65.363s] DEBUG:colcon.colcon_parallel_executor.executor.parallel:loop closed
[65.364s] DEBUG:colcon.colcon_parallel_executor.executor.parallel:run_until_complete finished with '0'
[65.365s] DEBUG:colcon.colcon_core.event_reactor:joining thread
[65.426s] INFO:colcon.colcon_core.plugin_system:Skipping extension 'colcon_notification.desktop_notification.terminal_notifier': Not used on non-Darwin systems
[65.427s] INFO:colcon.colcon_core.plugin_system:Skipping extension 'colcon_notification.desktop_notification.win32': Not used on non-Windows systems
[65.427s] INFO:colcon.colcon_notification.desktop_notification:Sending desktop notification using 'notify2'
[65.508s] DEBUG:colcon.colcon_core.event_reactor:joined thread
[65.510s] INFO:colcon.colcon_core.shell:Creating prefix script '/home/ubuntu/ros2_ws/install/local_setup.ps1'
[65.516s] INFO:colcon.colcon_core.shell:Creating prefix util module '/home/ubuntu/ros2_ws/install/_local_setup_util_ps1.py'
[65.524s] INFO:colcon.colcon_core.shell:Creating prefix chain script '/home/ubuntu/ros2_ws/install/setup.ps1'
[65.538s] INFO:colcon.colcon_core.shell:Creating prefix script '/home/ubuntu/ros2_ws/install/local_setup.sh'
[65.542s] INFO:colcon.colcon_core.shell:Creating prefix util module '/home/ubuntu/ros2_ws/install/_local_setup_util_sh.py'
[65.545s] INFO:colcon.colcon_core.shell:Creating prefix chain script '/home/ubuntu/ros2_ws/install/setup.sh'
[65.562s] INFO:colcon.colcon_core.shell:Creating prefix script '/home/ubuntu/ros2_ws/install/local_setup.bash'
[65.566s] INFO:colcon.colcon_core.shell:Creating prefix chain script '/home/ubuntu/ros2_ws/install/setup.bash'
[65.583s] INFO:colcon.colcon_core.shell:Creating prefix script '/home/ubuntu/ros2_ws/install/local_setup.zsh'
[65.587s] INFO:colcon.colcon_core.shell:Creating prefix chain script '/home/ubuntu/ros2_ws/install/setup.zsh'
